plantID,flowering,plantID_db,date
1,0,1136,8/27/2024
2,0,1137,8/27/2024
3,,1138,8/27/2024
4,1,1139,8/27/2024
5,1,1140,8/27/2024
6,0,1141,8/27/2024
7,1,1142,8/27/2024
8,,1143,8/27/2024
9,1,1144,8/27/2024
10,0,1145,8/27/2024
11,0,1146,8/27/2024
12,1,1147,8/27/2024
13,1,1148,8/27/2024
14,1,1149,8/27/2024
15,1,1150,8/27/2024
16,1,1151,8/27/2024
17,,1152,8/27/2024
18,0,1153,8/27/2024
19,,1154,8/27/2024
20,1,1155,8/27/2024
21,1,1156,8/27/2024
22,,1157,8/27/2024
23,1,1158,8/27/2024
24,0,1159,8/27/2024
25,1,1160,8/27/2024
26,1,1161,8/27/2024
27,,1162,8/27/2024
28,,1163,8/27/2024
29,1,1164,8/27/2024
30,,1165,8/27/2024
31,1,1166,8/27/2024
32,,1167,8/27/2024
33,0,1168,8/27/2024
34,0,1169,8/27/2024
35,,1170,8/27/2024
36,1,1171,8/27/2024
37,,1172,8/27/2024
38,1,1173,8/27/2024
39,,1174,8/27/2024
40,,1175,8/27/2024
41,1,1176,8/27/2024
42,0,1177,8/27/2024
43,0,1178,8/27/2024
44,0,1179,8/27/2024
45,1,1180,8/27/2024
46,1,1181,8/27/2024
47,,1182,8/27/2024
48,1,1183,8/27/2024
49,,1184,8/27/2024
50,1,1185,8/27/2024
51,0,1186,8/27/2024
52,1,1187,8/27/2024
53,0,1188,8/27/2024
54,1,1189,8/27/2024
55,0,1190,8/27/2024
56,0,1191,8/27/2024
57,,1192,8/27/2024
58,,1193,8/27/2024
59,1,1194,8/27/2024
60,,1195,8/27/2024
61,0,1196,8/27/2024
62,0,1197,8/27/2024
63,,1198,8/27/2024
64,0,1199,8/27/2024
65,,1200,8/27/2024
66,0,1201,8/27/2024
67,1,1202,8/27/2024
68,1,1203,8/27/2024
69,0,1204,8/27/2024
70,0,1205,8/27/2024
71,0,1206,8/27/2024
72,1,1207,8/27/2024
73,1,1208,8/27/2024
74,0,1209,8/27/2024
75,1,1210,8/27/2024
76,0,1211,8/27/2024
77,1,1212,8/27/2024
78,1,1213,8/27/2024
79,1,1214,8/27/2024
80,1,1215,8/27/2024
81,0,1216,8/27/2024
82,1,1217,8/27/2024
83,0,1218,8/27/2024
84,1,1219,8/27/2024
85,1,1220,8/27/2024
86,1,1221,8/27/2024
87,1,1222,8/27/2024
88,0,1223,8/27/2024
89,1,1224,8/27/2024
90,,1225,8/27/2024
91,1,1226,8/27/2024
92,,1227,8/27/2024
93,1,1228,8/27/2024
94,1,1229,8/27/2024
95,0,1230,8/27/2024
96,0,1231,8/27/2024
97,1,1232,8/27/2024
98,0,1233,8/27/2024
99,1,1234,8/27/2024
100,1,1235,8/27/2024
101,1,1236,8/27/2024
102,1,1237,8/27/2024
103,1,1238,8/27/2024
104,,1239,8/27/2024
105,0,1240,8/27/2024
106,1,1241,8/27/2024
107,1,1242,8/27/2024
108,,1243,8/27/2024
109,1,1244,8/27/2024
110,1,1245,8/27/2024
111,1,1246,8/27/2024
112,1,1247,8/27/2024
113,,1248,8/27/2024
114,1,1249,8/27/2024
115,,1250,8/27/2024
116,0,1251,8/27/2024
117,1,1252,8/27/2024
118,1,1253,8/27/2024
119,1,1254,8/27/2024
120,1,1255,8/27/2024
121,1,1256,8/27/2024
122,0,1257,8/27/2024
123,1,1258,8/27/2024
124,,1259,8/27/2024
125,0,1260,8/27/2024
126,1,1261,8/27/2024
127,0,1262,8/27/2024
128,0,1263,8/27/2024
129,0,1264,8/27/2024
130,1,1265,8/27/2024
131,,1266,8/27/2024
132,1,1267,8/27/2024
133,1,1268,8/27/2024
134,0,1269,8/27/2024
135,1,1270,8/27/2024
136,1,1271,8/27/2024
137,1,1272,8/27/2024
138,1,1273,8/27/2024
139,1,1274,8/27/2024
140,1,1275,8/27/2024
141,1,1276,8/27/2024
142,1,1277,8/27/2024
143,1,1278,8/27/2024
144,1,1279,8/27/2024
145,,1280,8/27/2024
146,0,1281,8/27/2024
147,,1282,8/27/2024
148,,1283,8/27/2024
149,0,1284,8/27/2024
150,1,1285,8/27/2024
151,1,1286,8/27/2024
152,,1287,8/27/2024
153,0,1288,8/27/2024
154,0,1289,8/27/2024
155,,1290,8/27/2024
156,1,1291,8/27/2024
157,1,1292,8/27/2024
158,1,1293,8/27/2024
159,1,1294,8/27/2024
160,1,1295,8/27/2024
161,0,1296,8/27/2024
162,0,1297,8/27/2024
163,1,1298,8/27/2024
164,1,1299,8/27/2024
165,1,1300,8/27/2024
166,0,1301,8/27/2024
167,0,1302,8/27/2024
168,1,1303,8/27/2024
169,1,1304,8/27/2024
170,,1305,8/27/2024
171,1,1306,8/27/2024
172,0,1307,8/27/2024
173,0,1308,8/27/2024
174,1,1309,8/27/2024
175,1,1310,8/27/2024
176,0,1311,8/27/2024
177,1,1312,8/27/2024
178,1,1313,8/27/2024
179,1,1314,8/27/2024
180,0,1315,8/27/2024
181,,1316,8/27/2024
182,,1317,8/27/2024
183,1,1318,8/27/2024
184,0,1319,8/27/2024
185,0,1320,8/27/2024
186,0,1321,8/27/2024
187,1,1322,8/27/2024
188,0,1323,8/27/2024
189,1,1324,8/27/2024
190,,1325,8/27/2024
191,1,1326,8/27/2024
192,,1327,8/27/2024
193,1,1328,8/27/2024
194,1,1329,8/27/2024
195,1,1330,8/27/2024
196,1,1331,8/27/2024
197,,1332,8/27/2024
198,1,1333,8/27/2024
199,1,1334,8/27/2024
200,1,1335,8/27/2024
201,1,1336,8/27/2024
202,1,1337,8/27/2024
203,1,1338,8/27/2024
204,0,1339,8/27/2024
205,1,1340,8/27/2024
206,0,1341,8/27/2024
207,1,1342,8/27/2024
208,,1343,8/27/2024
209,1,1344,8/27/2024
210,1,1345,8/27/2024
211,,1346,8/27/2024
212,1,1347,8/27/2024
213,1,1348,8/27/2024
214,1,1349,8/27/2024
215,0,1350,8/27/2024
216,1,1351,8/27/2024
217,,1352,8/27/2024
218,0,1353,8/27/2024
219,1,1354,8/27/2024
220,1,1355,8/27/2024
221,1,1356,8/27/2024
222,1,1357,8/27/2024
223,1,1358,8/27/2024
224,,1359,8/27/2024
225,,1360,8/27/2024
226,1,1361,8/27/2024
227,1,1362,8/27/2024
228,1,1363,8/27/2024
229,1,1364,8/27/2024
230,,1365,8/27/2024
231,0,1366,8/27/2024
232,1,1367,8/27/2024
233,,1368,8/27/2024
234,,1369,8/27/2024
235,0,1370,8/27/2024
236,,1371,8/27/2024
237,1,1372,8/27/2024
238,,1373,8/27/2024
239,0,1374,8/27/2024
240,0,1375,8/27/2024
241,1,1376,8/27/2024
242,,1377,8/27/2024
243,1,1378,8/27/2024
244,0,1379,8/27/2024
245,0,1380,8/27/2024
246,1,1381,8/27/2024
247,0,1382,8/27/2024
248,0,1383,8/27/2024
249,,1384,8/27/2024
250,1,1385,8/27/2024
251,1,1386,8/27/2024
252,,1387,8/27/2024
253,1,1388,8/27/2024
254,,1389,8/27/2024
255,1,1390,8/27/2024
256,1,1391,8/27/2024
257,,1392,8/27/2024
258,0,1393,8/27/2024
259,,1394,8/27/2024
260,0,1395,8/27/2024
261,,1396,8/27/2024
262,,1397,8/27/2024
263,1,1398,8/27/2024
264,1,1399,8/27/2024
265,,1400,8/27/2024
266,,1401,8/27/2024
267,1,1402,8/27/2024
268,1,1403,8/27/2024
269,1,1404,8/27/2024
270,0,1405,8/27/2024
271,1,1406,8/27/2024
272,,1407,8/27/2024
273,,1408,8/27/2024
274,0,1409,8/27/2024
275,,1410,8/27/2024
276,1,1411,8/27/2024
277,1,1412,8/27/2024
278,,1413,8/27/2024
279,,1414,8/27/2024
280,1,1415,8/27/2024
281,1,1416,8/27/2024
282,1,1417,8/27/2024
283,1,1418,8/27/2024
284,1,1419,8/27/2024
285,1,1420,8/27/2024
286,1,1421,8/27/2024
287,0,1422,8/27/2024
288,1,1423,8/27/2024
289,0,1424,8/27/2024
290,1,1425,8/27/2024
291,,1426,8/27/2024
292,,1427,8/27/2024
293,0,1428,8/27/2024
294,0,1429,8/27/2024
295,,1430,8/27/2024
296,,1431,8/27/2024
297,1,1432,8/27/2024
298,1,1433,8/27/2024
299,,1434,8/27/2024
300,0,1435,8/27/2024
301,1,1436,8/27/2024
302,,1437,8/27/2024
303,1,1438,8/27/2024
304,1,1439,8/27/2024
305,0,1440,8/27/2024
306,1,1441,8/27/2024
307,1,1442,8/27/2024
308,1,1443,8/27/2024
309,1,1444,8/27/2024
310,1,1445,8/27/2024
311,,1446,8/27/2024
312,0,1447,8/27/2024
313,1,1448,8/27/2024
314,,1449,8/27/2024
315,1,1450,8/27/2024
316,1,1451,8/27/2024
317,1,1452,8/27/2024
318,1,1453,8/27/2024
319,0,1454,8/27/2024
320,0,1455,8/27/2024
321,,1456,8/27/2024
322,,1457,8/27/2024
323,1,1458,8/27/2024
324,1,1459,8/27/2024
325,1,1460,8/27/2024
326,1,1461,8/27/2024
327,,1462,8/27/2024
328,0,1463,8/27/2024
329,1,1464,8/27/2024
330,1,1465,8/27/2024
331,,1466,8/27/2024
332,1,1467,8/27/2024
333,0,1468,8/27/2024
334,,1469,8/27/2024
335,,1470,8/27/2024
336,,1471,8/27/2024
337,1,1472,8/27/2024
338,,1473,8/27/2024
339,1,1474,8/27/2024
340,,1475,8/27/2024
341,0,1476,8/27/2024
342,1,1477,8/27/2024
343,1,1478,8/27/2024
344,1,1479,8/27/2024
345,1,1480,8/27/2024
346,,1481,8/27/2024
347,1,1482,8/27/2024
348,1,1483,8/27/2024
349,0,1484,8/27/2024
350,0,1485,8/27/2024
351,1,1486,8/27/2024
352,0,1487,8/27/2024
353,1,1488,8/27/2024
354,1,1489,8/27/2024
355,1,1490,8/27/2024
356,0,1491,8/27/2024
357,1,1492,8/27/2024
358,1,1493,8/27/2024
359,,1494,8/27/2024
360,1,1495,8/27/2024
361,,1496,8/27/2024
362,1,1497,8/27/2024
363,1,1498,8/27/2024
364,1,1499,8/27/2024
365,1,1500,8/27/2024
366,1,1501,8/27/2024
367,1,1502,8/27/2024
368,1,1503,8/27/2024
369,1,1504,8/27/2024
370,1,1505,8/27/2024
371,1,1506,8/27/2024
372,,1507,8/27/2024
373,1,1508,8/27/2024
374,0,1509,8/27/2024
375,1,1510,8/27/2024
376,1,1511,8/27/2024
377,1,1512,8/27/2024
378,1,1513,8/27/2024
379,1,1514,8/27/2024
380,1,1515,8/27/2024
381,0,1516,8/27/2024
382,0,1517,8/27/2024
383,1,1518,8/27/2024
384,,1519,8/27/2024
385,,1520,8/27/2024
386,1,1521,8/27/2024
387,1,1522,8/27/2024
388,1,1523,8/27/2024
389,0,1524,8/27/2024
390,1,1525,8/27/2024
391,1,1526,8/27/2024
392,0,1527,8/27/2024
393,1,1528,8/27/2024
394,1,1529,8/27/2024
395,1,1530,8/27/2024
396,0,1531,8/27/2024
397,,1532,8/27/2024
398,1,1533,8/27/2024
399,1,1534,8/27/2024
400,,1535,8/27/2024
401,,1536,8/27/2024
402,0,1537,8/27/2024
403,,1538,8/27/2024
404,,1539,8/27/2024
405,0,1540,8/27/2024
406,0,1541,8/27/2024
407,1,1542,8/27/2024
408,0,1543,8/27/2024
409,1,1544,8/27/2024
410,0,1545,8/27/2024
411,1,1546,8/27/2024
412,1,1547,8/27/2024
413,,1548,8/27/2024
414,1,1549,8/27/2024
415,1,1550,8/27/2024
416,,1551,8/27/2024
417,1,1552,8/27/2024
418,1,1553,8/27/2024
419,1,1554,8/27/2024
420,1,1555,8/27/2024
421,,1556,8/27/2024
422,1,1557,8/27/2024
423,1,1558,8/27/2024
424,1,1559,8/27/2024
425,1,1560,8/27/2024
426,1,1561,8/27/2024
427,0,1562,8/27/2024
428,1,1563,8/27/2024
429,1,1564,8/27/2024
430,1,1565,8/27/2024
431,1,1566,8/27/2024
432,0,1567,8/27/2024
433,1,1568,8/27/2024
434,1,1569,8/27/2024
435,0,1570,8/27/2024
436,0,1571,8/27/2024
437,0,1572,8/27/2024
438,1,1573,8/27/2024
439,1,1574,8/27/2024
440,0,1575,8/27/2024
441,1,1576,8/27/2024
442,0,1577,8/27/2024
443,0,1578,8/27/2024
444,0,1579,8/27/2024
445,0,1580,8/27/2024
446,1,1581,8/27/2024
447,,1582,8/27/2024
448,1,1583,8/27/2024
449,,1584,8/27/2024
450,1,1585,8/27/2024
451,1,1586,8/27/2024
452,1,1587,8/27/2024
453,0,1588,8/27/2024
454,1,1589,8/27/2024
455,,1590,8/27/2024
456,1,1591,8/27/2024
457,1,1592,8/27/2024
458,,1593,8/27/2024
459,1,1594,8/27/2024
460,,1595,8/27/2024
461,1,1596,8/27/2024
462,,1597,8/27/2024
463,0,1598,8/27/2024
464,0,1599,8/27/2024
465,1,1600,8/27/2024
466,0,1601,8/27/2024
467,1,1602,8/27/2024
468,1,1603,8/27/2024
469,1,1604,8/27/2024
470,,1605,8/27/2024
471,1,1606,8/27/2024
472,1,1607,8/27/2024
473,0,1608,8/27/2024
474,,1609,8/27/2024
475,0,1610,8/27/2024
476,1,1611,8/27/2024
477,1,1612,8/27/2024
478,1,1613,8/27/2024
479,1,1614,8/27/2024
480,0,1615,8/27/2024
481,0,1616,8/27/2024
482,1,1617,8/27/2024
483,0,1618,8/27/2024
484,0,1619,8/27/2024
485,0,1620,8/27/2024
486,,1621,8/27/2024
487,1,1622,8/27/2024
488,1,1623,8/27/2024
489,1,1624,8/27/2024
490,0,1625,8/27/2024
491,1,1626,8/27/2024
492,,1627,8/27/2024
493,1,1628,8/27/2024
494,,1629,8/27/2024
495,1,1630,8/27/2024
496,1,1631,8/27/2024
497,1,1632,8/27/2024
498,0,1633,8/27/2024
499,,1634,8/27/2024
500,,1635,8/27/2024
501,,1636,8/27/2024
502,,1637,8/27/2024
503,0,1638,8/27/2024
504,1,1639,8/27/2024
505,1,1640,8/27/2024
506,1,1641,8/27/2024
507,1,1642,8/27/2024
508,0,1643,8/27/2024
509,0,1644,8/27/2024
510,1,1645,8/27/2024
511,1,1646,8/27/2024
512,1,1647,8/27/2024
513,1,1648,8/27/2024
514,0,1649,8/27/2024
515,0,1650,8/27/2024
516,,1651,8/27/2024
517,0,1652,8/27/2024
518,1,1653,8/27/2024
519,0,1654,8/27/2024
520,1,1655,8/27/2024
521,0,1656,8/27/2024
522,0,1657,8/27/2024
523,,1658,8/27/2024
524,0,1659,8/27/2024
525,,1660,8/27/2024
526,,1661,8/27/2024
527,,1662,8/27/2024
528,,1663,8/27/2024
529,,1664,8/27/2024
530,0,1665,8/27/2024
531,0,1666,8/27/2024
532,1,1667,8/27/2024
533,,1668,8/27/2024
534,1,1669,8/27/2024
535,0,1670,8/27/2024
536,0,1671,8/27/2024
537,1,1672,8/27/2024
538,0,1673,8/27/2024
539,1,1674,8/27/2024
540,,1675,8/27/2024
541,,1676,8/27/2024
542,1,1677,8/27/2024
543,,1678,8/27/2024
544,,1679,8/27/2024
545,1,1680,8/27/2024
546,,1681,8/27/2024
547,,1682,8/27/2024
548,0,1683,8/27/2024
549,1,1684,8/27/2024
550,,1685,8/27/2024
551,1,1686,8/27/2024
552,0,1687,8/27/2024
553,1,1688,8/27/2024
554,,1689,8/27/2024
555,,1690,8/27/2024
556,,1691,8/27/2024
557,1,1692,8/27/2024
558,1,1693,8/27/2024
559,,1694,8/27/2024
560,0,1695,8/27/2024
561,1,1696,8/27/2024
562,,1697,8/27/2024
563,1,1698,8/27/2024
564,0,1699,8/27/2024
565,,1700,8/27/2024
566,1,1701,8/27/2024
567,0,1702,8/27/2024
1015,,2150,8/27/2024
1016,1,2151,8/27/2024
1017,0,2152,8/27/2024
1018,,2153,8/27/2024
1019,,2154,8/27/2024
1020,,2155,8/27/2024
1021,1,2156,8/27/2024
1022,1,2157,8/27/2024
1023,0,2158,8/27/2024
1024,1,2159,8/27/2024
1025,1,2160,8/27/2024
1026,,2161,8/27/2024
1027,1,2162,8/27/2024
1028,,2163,8/27/2024
1029,,2164,8/27/2024
1030,1,2165,8/27/2024
1031,1,2166,8/27/2024
1032,1,2167,8/27/2024
1033,,2168,8/27/2024
1034,,2169,8/27/2024
1035,,2170,8/27/2024
1036,,2171,8/27/2024
1037,,2172,8/27/2024
1038,1,2173,8/27/2024
1039,,2174,8/27/2024
1040,,2175,8/27/2024
1041,,2176,8/27/2024
1042,0,2177,8/27/2024
1043,1,2178,8/27/2024
1044,1,2179,8/27/2024
1045,,2180,8/27/2024
1046,0,2181,8/27/2024
1047,,2182,8/27/2024
1048,1,2183,8/27/2024
1049,0,2184,8/27/2024
1050,,2185,8/27/2024
1051,0,2186,8/27/2024
1052,0,2187,8/27/2024
1053,,2188,8/27/2024
1054,0,2189,8/27/2024
1055,,2190,8/27/2024
1056,,2191,8/27/2024
1057,,2192,8/27/2024
1058,1,2193,8/27/2024
1059,0,2194,8/27/2024
1060,1,2195,8/27/2024
1061,0,2196,8/27/2024
1062,,2197,8/27/2024
1063,1,2198,8/27/2024
1064,1,2199,8/27/2024
1065,0,2200,8/27/2024
1066,1,2201,8/27/2024
1067,,2202,8/27/2024
1068,1,2203,8/27/2024
1069,,2204,8/27/2024
1070,,2205,8/27/2024
1071,1,2206,8/27/2024
1072,,2207,8/27/2024
1073,,2208,8/27/2024
1074,,2209,8/27/2024
1075,1,2210,8/27/2024
1076,,2211,8/27/2024
1077,0,2212,8/27/2024
1078,,2213,8/27/2024
1079,0,2214,8/27/2024
1080,1,2215,8/27/2024
1081,0,2216,8/27/2024
1082,0,2217,8/27/2024
1083,1,2218,8/27/2024
1084,,2219,8/27/2024
1085,,2220,8/27/2024
1086,1,2221,8/27/2024
1087,0,2222,8/27/2024
1088,0,2223,8/27/2024
1089,1,2224,8/27/2024
1090,1,2225,8/27/2024
1091,1,2226,8/27/2024
1092,,2227,8/27/2024
1093,1,2228,8/27/2024
1094,1,2229,8/27/2024
1095,,2230,8/27/2024
1096,1,2231,8/27/2024
1097,,2232,8/27/2024
1098,1,2233,8/27/2024
1099,1,2234,8/27/2024
1100,1,2235,8/27/2024
1101,1,2236,8/27/2024
1102,,2237,8/27/2024
1103,1,2238,8/27/2024
1104,1,2239,8/27/2024
1105,,2240,8/27/2024
1106,0,2241,8/27/2024
1107,0,2242,8/27/2024
1108,0,2243,8/27/2024
1109,1,2244,8/27/2024
1110,,2245,8/27/2024
1111,1,2246,8/27/2024
1112,1,2247,8/27/2024
1113,1,2248,8/27/2024
1114,,2249,8/27/2024
1115,0,2250,8/27/2024
1116,1,2251,8/27/2024
1117,1,2252,8/27/2024
1118,,2253,8/27/2024
1119,1,2254,8/27/2024
1120,0,2255,8/27/2024
1121,1,2256,8/27/2024
1122,1,2257,8/27/2024
1123,0,2258,8/27/2024
1124,1,2259,8/27/2024
902,1,2037,8/27/2024
903,1,2038,8/27/2024
904,,2039,8/27/2024
905,0,2040,8/27/2024
906,1,2041,8/27/2024
907,1,2042,8/27/2024
908,,2043,8/27/2024
909,1,2044,8/27/2024
910,1,2045,8/27/2024
911,,2046,8/27/2024
912,,2047,8/27/2024
913,1,2048,8/27/2024
914,1,2049,8/27/2024
915,,2050,8/27/2024
916,,2051,8/27/2024
917,,2052,8/27/2024
918,0,2053,8/27/2024
919,,2054,8/27/2024
920,0,2055,8/27/2024
921,1,2056,8/27/2024
922,1,2057,8/27/2024
923,1,2058,8/27/2024
924,,2059,8/27/2024
925,,2060,8/27/2024
926,1,2061,8/27/2024
927,,2062,8/27/2024
928,1,2063,8/27/2024
929,1,2064,8/27/2024
930,1,2065,8/27/2024
931,1,2066,8/27/2024
932,,2067,8/27/2024
933,1,2068,8/27/2024
934,1,2069,8/27/2024
935,1,2070,8/27/2024
936,1,2071,8/27/2024
937,1,2072,8/27/2024
938,1,2073,8/27/2024
939,1,2074,8/27/2024
940,,2075,8/27/2024
941,,2076,8/27/2024
942,1,2077,8/27/2024
943,1,2078,8/27/2024
944,,2079,8/27/2024
945,,2080,8/27/2024
946,1,2081,8/27/2024
947,1,2082,8/27/2024
948,,2083,8/27/2024
949,1,2084,8/27/2024
950,,2085,8/27/2024
951,,2086,8/27/2024
952,,2087,8/27/2024
953,,2088,8/27/2024
954,1,2089,8/27/2024
955,1,2090,8/27/2024
956,1,2091,8/27/2024
957,1,2092,8/27/2024
958,1,2093,8/27/2024
959,1,2094,8/27/2024
960,,2095,8/27/2024
961,1,2096,8/27/2024
962,,2097,8/27/2024
963,0,2098,8/27/2024
964,,2099,8/27/2024
965,1,2100,8/27/2024
966,,2101,8/27/2024
967,,2102,8/27/2024
968,1,2103,8/27/2024
969,1,2104,8/27/2024
970,,2105,8/27/2024
971,0,2106,8/27/2024
972,0,2107,8/27/2024
973,,2108,8/27/2024
974,,2109,8/27/2024
975,,2110,8/27/2024
976,1,2111,8/27/2024
977,,2112,8/27/2024
978,1,2113,8/27/2024
979,,2114,8/27/2024
980,1,2115,8/27/2024
981,1,2116,8/27/2024
982,0,2117,8/27/2024
983,,2118,8/27/2024
984,,2119,8/27/2024
985,1,2120,8/27/2024
986,1,2121,8/27/2024
987,1,2122,8/27/2024
988,1,2123,8/27/2024
989,1,2124,8/27/2024
990,,2125,8/27/2024
991,,2126,8/27/2024
992,,2127,8/27/2024
993,1,2128,8/27/2024
994,1,2129,8/27/2024
995,1,2130,8/27/2024
996,1,2131,8/27/2024
997,1,2132,8/27/2024
998,1,2133,8/27/2024
999,,2134,8/27/2024
1000,1,2135,8/27/2024
1001,,2136,8/27/2024
1002,,2137,8/27/2024
1003,,2138,8/27/2024
1004,1,2139,8/27/2024
1005,1,2140,8/27/2024
1006,,2141,8/27/2024
1007,,2142,8/27/2024
1008,1,2143,8/27/2024
1009,1,2144,8/27/2024
1010,1,2145,8/27/2024
1011,0,2146,8/27/2024
1012,,2147,8/27/2024
1013,1,2148,8/27/2024
1014,,2149,8/27/2024
792,1,1927,8/27/2024
793,1,1928,8/27/2024
794,1,1929,8/27/2024
795,1,1930,8/27/2024
796,,1931,8/27/2024
797,,1932,8/27/2024
798,1,1933,8/27/2024
799,0,1934,8/27/2024
800,0,1935,8/27/2024
801,1,1936,8/27/2024
802,,1937,8/27/2024
803,1,1938,8/27/2024
804,1,1939,8/27/2024
805,1,1940,8/27/2024
806,1,1941,8/27/2024
807,,1942,8/27/2024
808,1,1943,8/27/2024
809,1,1944,8/27/2024
810,1,1945,8/27/2024
811,1,1946,8/27/2024
812,1,1947,8/27/2024
813,,1948,8/27/2024
814,1,1949,8/27/2024
815,,1950,8/27/2024
816,1,1951,8/27/2024
817,,1952,8/27/2024
818,1,1953,8/27/2024
819,1,1954,8/27/2024
820,1,1955,8/27/2024
821,0,1956,8/27/2024
822,0,1957,8/27/2024
823,,1958,8/27/2024
824,1,1959,8/27/2024
825,,1960,8/27/2024
826,0,1961,8/27/2024
827,0,1962,8/27/2024
828,1,1963,8/27/2024
829,,1964,8/27/2024
830,,1965,8/27/2024
831,,1966,8/27/2024
832,,1967,8/27/2024
833,1,1968,8/27/2024
834,,1969,8/27/2024
835,,1970,8/27/2024
836,1,1971,8/27/2024
837,1,1972,8/27/2024
838,1,1973,8/27/2024
839,,1974,8/27/2024
840,,1975,8/27/2024
841,,1976,8/27/2024
842,,1977,8/27/2024
843,,1978,8/27/2024
844,1,1979,8/27/2024
845,,1980,8/27/2024
846,,1981,8/27/2024
847,0,1982,8/27/2024
848,1,1983,8/27/2024
849,1,1984,8/27/2024
850,1,1985,8/27/2024
851,1,1986,8/27/2024
852,,1987,8/27/2024
853,0,1988,8/27/2024
854,,1989,8/27/2024
855,1,1990,8/27/2024
856,0,1991,8/27/2024
857,0,1992,8/27/2024
858,,1993,8/27/2024
859,,1994,8/27/2024
860,1,1995,8/27/2024
861,1,1996,8/27/2024
862,,1997,8/27/2024
863,1,1998,8/27/2024
864,0,1999,8/27/2024
865,1,2000,8/27/2024
866,,2001,8/27/2024
867,1,2002,8/27/2024
868,1,2003,8/27/2024
869,1,2004,8/27/2024
870,1,2005,8/27/2024
871,1,2006,8/27/2024
872,1,2007,8/27/2024
873,1,2008,8/27/2024
874,1,2009,8/27/2024
875,,2010,8/27/2024
876,,2011,8/27/2024
877,0,2012,8/27/2024
878,1,2013,8/27/2024
879,1,2014,8/27/2024
880,,2015,8/27/2024
881,1,2016,8/27/2024
882,,2017,8/27/2024
883,0,2018,8/27/2024
884,0,2019,8/27/2024
885,0,2020,8/27/2024
886,1,2021,8/27/2024
887,,2022,8/27/2024
888,0,2023,8/27/2024
889,,2024,8/27/2024
890,1,2025,8/27/2024
891,,2026,8/27/2024
892,,2027,8/27/2024
893,1,2028,8/27/2024
894,1,2029,8/27/2024
895,,2030,8/27/2024
896,1,2031,8/27/2024
897,,2032,8/27/2024
898,,2033,8/27/2024
899,,2034,8/27/2024
900,,2035,8/27/2024
901,1,2036,8/27/2024
679,,1814,8/27/2024
680,1,1815,8/27/2024
681,1,1816,8/27/2024
682,1,1817,8/27/2024
683,1,1818,8/27/2024
684,,1819,8/27/2024
685,1,1820,8/27/2024
686,,1821,8/27/2024
687,1,1822,8/27/2024
688,,1823,8/27/2024
689,1,1824,8/27/2024
690,1,1825,8/27/2024
691,,1826,8/27/2024
692,,1827,8/27/2024
693,1,1828,8/27/2024
694,,1829,8/27/2024
695,1,1830,8/27/2024
696,1,1831,8/27/2024
697,1,1832,8/27/2024
698,1,1833,8/27/2024
699,1,1834,8/27/2024
700,1,1835,8/27/2024
701,,1836,8/27/2024
702,1,1837,8/27/2024
703,1,1838,8/27/2024
704,,1839,8/27/2024
705,,1840,8/27/2024
706,1,1841,8/27/2024
707,1,1842,8/27/2024
708,1,1843,8/27/2024
709,,1844,8/27/2024
710,1,1845,8/27/2024
711,1,1846,8/27/2024
712,1,1847,8/27/2024
713,,1848,8/27/2024
714,,1849,8/27/2024
715,,1850,8/27/2024
716,,1851,8/27/2024
717,0,1852,8/27/2024
718,1,1853,8/27/2024
719,1,1854,8/27/2024
720,,1855,8/27/2024
721,0,1856,8/27/2024
722,0,1857,8/27/2024
723,0,1858,8/27/2024
724,,1859,8/27/2024
725,,1860,8/27/2024
726,,1861,8/27/2024
727,,1862,8/27/2024
728,,1863,8/27/2024
729,1,1864,8/27/2024
730,,1865,8/27/2024
731,0,1866,8/27/2024
732,,1867,8/27/2024
733,0,1868,8/27/2024
734,1,1869,8/27/2024
735,1,1870,8/27/2024
736,1,1871,8/27/2024
737,1,1872,8/27/2024
738,,1873,8/27/2024
739,1,1874,8/27/2024
740,1,1875,8/27/2024
741,0,1876,8/27/2024
742,1,1877,8/27/2024
743,,1878,8/27/2024
744,1,1879,8/27/2024
745,,1880,8/27/2024
746,1,1881,8/27/2024
747,,1882,8/27/2024
748,0,1883,8/27/2024
749,1,1884,8/27/2024
750,,1885,8/27/2024
751,0,1886,8/27/2024
752,,1887,8/27/2024
753,,1888,8/27/2024
754,1,1889,8/27/2024
755,,1890,8/27/2024
756,1,1891,8/27/2024
757,1,1892,8/27/2024
758,1,1893,8/27/2024
759,1,1894,8/27/2024
760,1,1895,8/27/2024
761,,1896,8/27/2024
762,1,1897,8/27/2024
763,,1898,8/27/2024
764,,1899,8/27/2024
765,1,1900,8/27/2024
766,,1901,8/27/2024
767,1,1902,8/27/2024
768,,1903,8/27/2024
769,,1904,8/27/2024
770,,1905,8/27/2024
771,1,1906,8/27/2024
772,,1907,8/27/2024
773,0,1908,8/27/2024
774,0,1909,8/27/2024
775,0,1910,8/27/2024
776,1,1911,8/27/2024
777,,1912,8/27/2024
778,1,1913,8/27/2024
779,,1914,8/27/2024
780,1,1915,8/27/2024
781,,1916,8/27/2024
782,1,1917,8/27/2024
783,,1918,8/27/2024
784,1,1919,8/27/2024
785,1,1920,8/27/2024
786,1,1921,8/27/2024
787,0,1922,8/27/2024
788,0,1923,8/27/2024
789,1,1924,8/27/2024
790,1,1925,8/27/2024
791,1,1926,8/27/2024
568,0,1703,8/27/2024
569,1,1704,8/27/2024
570,,1705,8/27/2024
571,,1706,8/27/2024
572,,1707,8/27/2024
573,1,1708,8/27/2024
574,0,1709,8/27/2024
575,,1710,8/27/2024
576,1,1711,8/27/2024
577,,1712,8/27/2024
578,1,1713,8/27/2024
579,,1714,8/27/2024
580,1,1715,8/27/2024
581,,1716,8/27/2024
582,1,1717,8/27/2024
583,1,1718,8/27/2024
584,0,1719,8/27/2024
585,,1720,8/27/2024
586,,1721,8/27/2024
587,1,1722,8/27/2024
588,1,1723,8/27/2024
589,1,1724,8/27/2024
590,,1725,8/27/2024
591,1,1726,8/27/2024
592,1,1727,8/27/2024
593,1,1728,8/27/2024
594,1,1729,8/27/2024
595,1,1730,8/27/2024
596,,1731,8/27/2024
597,1,1732,8/27/2024
598,,1733,8/27/2024
599,1,1734,8/27/2024
600,1,1735,8/27/2024
601,,1736,8/27/2024
602,1,1737,8/27/2024
603,0,1738,8/27/2024
604,0,1739,8/27/2024
605,0,1740,8/27/2024
606,1,1741,8/27/2024
607,0,1742,8/27/2024
608,1,1743,8/27/2024
609,1,1744,8/27/2024
610,0,1745,8/27/2024
611,1,1746,8/27/2024
612,,1747,8/27/2024
613,1,1748,8/27/2024
614,,1749,8/27/2024
615,1,1750,8/27/2024
616,,1751,8/27/2024
617,,1752,8/27/2024
618,0,1753,8/27/2024
619,,1754,8/27/2024
620,1,1755,8/27/2024
621,,1756,8/27/2024
622,1,1757,8/27/2024
623,,1758,8/27/2024
624,1,1759,8/27/2024
625,1,1760,8/27/2024
626,,1761,8/27/2024
627,1,1762,8/27/2024
628,,1763,8/27/2024
629,,1764,8/27/2024
630,1,1765,8/27/2024
631,,1766,8/27/2024
632,1,1767,8/27/2024
633,,1768,8/27/2024
634,0,1769,8/27/2024
635,,1770,8/27/2024
636,,1771,8/27/2024
637,1,1772,8/27/2024
638,,1773,8/27/2024
639,0,1774,8/27/2024
640,,1775,8/27/2024
641,1,1776,8/27/2024
642,0,1777,8/27/2024
643,0,1778,8/27/2024
644,1,1779,8/27/2024
645,1,1780,8/27/2024
646,,1781,8/27/2024
647,1,1782,8/27/2024
648,0,1783,8/27/2024
649,,1784,8/27/2024
650,0,1785,8/27/2024
651,1,1786,8/27/2024
652,0,1787,8/27/2024
653,0,1788,8/27/2024
654,,1789,8/27/2024
655,1,1790,8/27/2024
656,0,1791,8/27/2024
657,,1792,8/27/2024
658,1,1793,8/27/2024
659,1,1794,8/27/2024
660,1,1795,8/27/2024
661,,1796,8/27/2024
662,1,1797,8/27/2024
663,1,1798,8/27/2024
664,1,1799,8/27/2024
665,,1800,8/27/2024
666,,1801,8/27/2024
667,,1802,8/27/2024
668,1,1803,8/27/2024
669,,1804,8/27/2024
670,,1805,8/27/2024
671,0,1806,8/27/2024
672,1,1807,8/27/2024
673,,1808,8/27/2024
674,1,1809,8/27/2024
675,,1810,8/27/2024
676,1,1811,8/27/2024
677,1,1812,8/27/2024
678,1,1813,8/27/2024
