ObjectID,GlobalID,CreationDate,Creator,EditDate,Editor,Block,Row In Block,x,y
2,bacd4769-d06f-4054-9d2d-785720f673fa,6/26/2024 10:22:42 PM,agoebl,6/26/2024 10:22:42 PM,agoebl,1,1,-105.100846209863,39.5432436784356
3,1697eef7-ac8f-43e6-a034-3473e7d57191,6/26/2024 10:22:43 PM,agoebl,6/26/2024 10:22:43 PM,agoebl,1,2,-105.100759198941,39.543165738363
4,fbf942d3-a3f9-4097-af8a-d600e4bff132,6/26/2024 10:22:44 PM,agoebl,6/26/2024 10:22:44 PM,agoebl,1,3,-105.10071662602,39.5431613808677
5,8b9ffa9f-82cc-41b7-a013-2bdc2d516a32,6/26/2024 10:22:45 PM,agoebl,6/26/2024 10:22:45 PM,agoebl,1,4,-105.100736013351,39.5431678382949
6,6ad7dafd-9600-437d-b5e3-550053a85fdc,6/26/2024 10:22:46 PM,agoebl,6/26/2024 10:22:46 PM,agoebl,2,1,-105.100718515561,39.5432721098608
7,6a5cd363-1951-4c4d-bbe3-798c59fc4c69,6/26/2024 10:22:47 PM,agoebl,6/26/2024 10:22:47 PM,agoebl,2,2,-105.100702772188,39.5431673509095
8,5840050c-0d9e-4c7b-ae02-a2c997133e16,6/26/2024 10:22:48 PM,agoebl,6/26/2024 10:22:48 PM,agoebl,2,3,-105.100702406105,39.5431820118991
9,edbbe058-f3c8-432c-950a-6d13e3be03ad,6/26/2024 10:22:49 PM,agoebl,6/26/2024 10:22:49 PM,agoebl,2,4,-105.100678604737,39.5432418408248
10,d2d29776-9dbf-46b5-8cc2-5192f4c4357f,6/26/2024 10:22:50 PM,agoebl,6/26/2024 10:22:50 PM,agoebl,3,1,-105.100675142858,39.543162306813
11,5067e859-fd11-49a5-a3a3-de2b3d65dfdd,6/26/2024 10:22:51 PM,agoebl,6/28/2024 7:17:16 PM,agoebl,3,2,-105.100675157605,39.543222520403
12,0daf3adb-f8cd-405a-b8d6-bcb86b0949ed,6/26/2024 10:22:52 PM,agoebl,6/26/2024 10:22:52 PM,agoebl,3,3,-105.100644705963,39.5431669643357
13,89fafe03-0816-4482-8013-9602aa0029e0,6/26/2024 10:22:52 PM,agoebl,6/26/2024 10:22:52 PM,agoebl,3,4,-105.100634785173,39.543241810953
14,a9c95bcd-a5aa-48b5-a970-f3cdaccf840d,6/26/2024 10:22:53 PM,agoebl,6/26/2024 10:22:53 PM,agoebl,4,1,-105.100644200901,39.5432152760879
15,77959306-4a27-4c5f-a889-ae5303e8d5fb,6/26/2024 10:22:54 PM,agoebl,6/26/2024 10:22:54 PM,agoebl,4,2,-105.100610308825,39.5432239395654
16,e0c858cc-5171-4893-9ecf-a24a6bb13a2b,6/26/2024 10:22:55 PM,agoebl,6/26/2024 10:22:55 PM,agoebl,4,3,-105.100637197879,39.5432431754154
17,faf525c5-8b3b-4f9f-910a-b737501a2d9d,6/27/2024 8:40:00 PM,agoebl,6/27/2024 8:40:00 PM,agoebl,6,1,-105.100544833333,39.5431616666667
18,ca3c2247-2ca3-4511-9c86-2110cfc3741d,6/27/2024 8:40:03 PM,agoebl,6/27/2024 8:40:03 PM,agoebl,6,2,-105.1005425,39.5432518333333
19,73df4996-9792-4f96-8640-351769a8a31c,6/27/2024 8:40:04 PM,agoebl,6/27/2024 8:40:04 PM,agoebl,6,3,-105.1005125,39.5432131666667
20,3a144d0c-dc66-4aad-ba14-1aadc26183cf,6/27/2024 8:40:06 PM,agoebl,6/27/2024 8:40:06 PM,agoebl,6,4,-105.100531833333,39.5432
21,861faaca-941b-47e4-b8d9-5450aeb6a389,6/27/2024 8:40:06 PM,agoebl,6/27/2024 8:40:06 PM,agoebl,4,3,-105.10054101,39.54316462
22,2698c10b-604e-4687-8d59-48b0f0658f20,6/27/2024 8:40:06 PM,agoebl,6/27/2024 8:40:06 PM,agoebl,4,4,-105.10061469,39.5432424
23,09499ac7-6ccb-4ad7-bf6e-4fbf9ab3d854,6/27/2024 8:40:06 PM,agoebl,6/27/2024 8:40:06 PM,agoebl,7,1,-105.100513833333,39.5431921666667
24,66bf5100-8cfb-4b2e-aded-f7be2deef7d6,6/27/2024 8:40:07 PM,agoebl,6/27/2024 8:40:07 PM,agoebl,5,1,-105.1006023,39.54318843
25,9680e1bf-600c-4dcf-ac7c-cb119af4a78d,6/27/2024 8:40:07 PM,agoebl,6/27/2024 8:40:07 PM,agoebl,7,2,-105.100528333333,39.5432463333333
26,8d777e55-ba24-49ad-8026-7472a2431a4a,6/27/2024 8:40:07 PM,agoebl,6/27/2024 8:40:07 PM,agoebl,5,2,-105.10058425,39.54319285
27,a3290d7e-c7e5-4b64-9a2f-f8aac9b4298b,6/27/2024 8:40:08 PM,agoebl,6/27/2024 8:40:08 PM,agoebl,7,3,-105.100501166667,39.5432181666667
28,51988c0b-a60f-4c55-80fa-838aca200279,6/27/2024 8:40:08 PM,agoebl,6/27/2024 8:40:08 PM,agoebl,5,3,-105.10057953,39.54318367
29,9cbc786f-631c-4eaf-8fe0-a12a6c3fbdea,6/27/2024 8:40:09 PM,agoebl,6/27/2024 8:40:09 PM,agoebl,7,4,-105.100474666667,39.5432286666667
30,c9627f1c-752b-4830-9dd7-40b3056663de,6/27/2024 8:40:09 PM,agoebl,6/27/2024 8:40:09 PM,agoebl,5,4,-105.10056651,39.54317872
31,f8bfa545-0720-4068-b5f6-a50be9c862fa,6/27/2024 8:40:10 PM,agoebl,6/27/2024 8:40:10 PM,agoebl,8,1,-105.100439666667,39.5432705
32,7f915a6f-6eae-444a-b3ae-f145986e76b5,6/27/2024 8:40:10 PM,agoebl,6/27/2024 8:40:10 PM,agoebl,8,2,-105.100475333333,39.5432503333333
33,e540fcd2-718d-49bc-804d-827e51614b51,6/27/2024 8:40:12 PM,agoebl,6/27/2024 8:40:12 PM,agoebl,8,3,-105.100438833333,39.5432005
34,cedd3dad-c875-4f2a-a9c5-48587e3b1424,6/27/2024 8:40:13 PM,agoebl,6/27/2024 8:40:13 PM,agoebl,8,4,-105.100451333333,39.5432058333333
35,3eaa5dd1-cab8-433e-82bd-af9a7fe1940e,6/27/2024 8:40:14 PM,agoebl,6/27/2024 8:40:14 PM,agoebl,9,1,-105.100449666667,39.5431678333333
36,9254d6f4-55af-4222-981b-b7a5b54caedc,6/27/2024 8:40:14 PM,agoebl,6/27/2024 8:40:14 PM,agoebl,9,2,-105.1004565,39.5431798333333
37,c404c6c0-f864-412b-be5b-b7f61ced4fbb,6/27/2024 8:40:15 PM,agoebl,6/27/2024 8:40:15 PM,agoebl,9,3,-105.1004105,39.5432145
38,a63e3e7a-de69-4047-9e6f-5866a1241102,6/27/2024 8:40:17 PM,agoebl,6/27/2024 8:40:17 PM,agoebl,9,4,-105.100417,39.5432126666667
39,94c1a5d3-ef81-47f1-8af8-36ec9cf5b3b9,6/27/2024 8:40:19 PM,agoebl,6/27/2024 8:40:19 PM,agoebl,10,1,-105.100396,39.543239
40,588654ad-c7a5-4f6a-ade4-6ed7dee42278,6/27/2024 8:40:21 PM,agoebl,6/27/2024 8:40:21 PM,agoebl,10,2,-105.10037,39.5432278333333
41,a717aa28-e0b8-4016-9f2b-95e8b28b243c,6/27/2024 8:40:22 PM,agoebl,6/27/2024 8:40:22 PM,agoebl,10,3,-105.1003695,39.543184
42,fa8ae107-2658-4b69-b12c-5fc2e0db0623,6/27/2024 8:40:24 PM,agoebl,6/27/2024 8:40:24 PM,agoebl,10,4,-105.100343666667,39.5431911666667
43,29fc99ec-f107-435f-aa86-c41e5f2b17a9,7/1/2024 8:02:10 PM,agoebl,7/1/2024 8:02:10 PM,agoebl,1,1,-105.10075,39.5431813333333
44,980fb40d-4e03-48ad-beb6-a0cfa1ca1038,7/1/2024 8:02:11 PM,agoebl,7/1/2024 8:02:11 PM,agoebl,1,2,-105.100770333333,39.5432223333333
45,c3ec5733-c104-4606-a5fa-a5fbd89480a4,7/1/2024 8:02:13 PM,agoebl,7/1/2024 8:02:13 PM,agoebl,1,3,-105.100729666667,39.543162
46,88f20dd3-ae98-448f-8c39-e61faf5f39c8,7/1/2024 8:02:14 PM,agoebl,7/1/2024 8:02:14 PM,agoebl,1,4,-105.100730833333,39.5431738333333
47,6acb143c-48bc-4e6c-a53e-665c613a7b84,7/1/2024 8:02:15 PM,agoebl,7/1/2024 8:02:15 PM,agoebl,2,1,-105.100687666667,39.5431963333333
48,b07c0e65-7178-4db6-bc80-205e5f5656d0,7/1/2024 8:02:17 PM,agoebl,7/1/2024 8:02:17 PM,agoebl,2,2,-105.100680333333,39.5431838333333
49,7fcaf1a3-d6ff-40c5-b840-aa84710bf700,7/1/2024 8:02:18 PM,agoebl,7/1/2024 8:02:18 PM,agoebl,2,3,-105.100701166667,39.5431665
50,4cf8692b-a9e2-421d-b395-de0dab0ac4fb,7/1/2024 8:02:20 PM,agoebl,7/1/2024 8:02:20 PM,agoebl,2,4,-105.100716666667,39.5431525
51,7863e97d-015f-4cf0-a7be-f49d1dda4f81,7/1/2024 8:02:21 PM,agoebl,7/1/2024 8:02:21 PM,agoebl,3,1,-105.100657166667,39.5431805
52,2beefc28-9157-499a-aefa-9f36b46731f9,7/1/2024 8:02:25 PM,agoebl,7/1/2024 8:02:25 PM,agoebl,3,2,-105.100665166667,39.5431863333333
53,6f64256a-8e31-442f-94ce-61ba9c59c93b,7/1/2024 8:02:27 PM,agoebl,7/1/2024 8:02:27 PM,agoebl,3,3,-105.100664,39.5431661666667
54,11c6d8ca-a4dd-491a-bcab-b286f907dc9b,7/1/2024 8:02:28 PM,agoebl,7/1/2024 8:02:28 PM,agoebl,3,4,-105.100671833333,39.5431693333333
55,17dd165c-79b0-4108-83b2-215ada891e04,7/1/2024 8:02:29 PM,agoebl,7/1/2024 8:02:29 PM,agoebl,4,1,-105.100600833333,39.5432086666667
56,78d403cd-deca-4a01-a8ae-6e6c0ce9992d,7/1/2024 8:02:32 PM,agoebl,7/1/2024 8:02:32 PM,agoebl,4,2,-105.100610166667,39.5431988333333
57,16f18365-8709-4404-8cb9-972f789e3806,7/1/2024 8:02:33 PM,agoebl,7/1/2024 8:02:33 PM,agoebl,4,3,-105.100604166667,39.5431903333333
58,ca7bd2a6-7f33-4917-aa6d-9177d1491865,7/1/2024 8:02:34 PM,agoebl,7/1/2024 8:02:34 PM,agoebl,4,4,-105.1006025,39.5431536666667
59,552edda2-effa-4aa5-aaf5-a5752bd1aad3,7/1/2024 8:02:35 PM,agoebl,7/1/2024 8:02:35 PM,agoebl,5,1,-105.1005615,39.5432025
60,661da8cf-ad1d-455b-b873-5164e6627c63,7/1/2024 8:02:37 PM,agoebl,7/1/2024 8:02:37 PM,agoebl,5,2,-105.100556333333,39.5432066666667
61,403edff0-c970-4190-b7c4-45f395a58ac3,7/1/2024 8:02:38 PM,agoebl,7/1/2024 8:02:38 PM,agoebl,5,3,-105.100564166667,39.5432036666667
62,c61281f7-8f9f-407f-94de-f46c1a7a46e7,7/1/2024 8:02:39 PM,agoebl,7/1/2024 8:02:39 PM,agoebl,5,4,-105.100599666667,39.5431736666667
63,1ac59037-9169-4069-8fed-a5fd5fd86c68,7/1/2024 8:02:40 PM,agoebl,7/1/2024 8:02:40 PM,agoebl,6,1,-105.100527,39.5431608333333
64,f41b5bbc-da0c-4716-840a-874fe653f91f,7/1/2024 8:02:41 PM,agoebl,7/1/2024 8:02:41 PM,agoebl,6,2,-105.1005635,39.5432326666667
65,d17c6e82-b35d-45e2-9f6c-5bdb928af9df,7/1/2024 8:02:43 PM,agoebl,7/1/2024 8:02:43 PM,agoebl,6,3,-105.100516666667,39.5431516666667
66,4005668b-6ed9-43a4-be20-11e9d3992920,7/1/2024 8:02:43 PM,agoebl,7/1/2024 8:02:43 PM,agoebl,6,4,-105.1004985,39.5432285
67,75c9798d-c986-4bae-998e-fb871254c7cc,7/1/2024 8:02:45 PM,agoebl,7/1/2024 8:02:45 PM,agoebl,7,1,-105.100546833333,39.543165
68,418d471b-cc64-4620-bbb6-cb0ce76de0c2,7/1/2024 8:02:46 PM,agoebl,7/1/2024 8:02:46 PM,agoebl,7,2,-105.100513166667,39.5432061666667
69,4e2d0974-9b2e-4cfa-b9b4-cfce0c609bab,7/1/2024 8:02:47 PM,agoebl,7/1/2024 8:02:47 PM,agoebl,7,3,-105.100508666667,39.5432195
70,a37e95d1-981c-49ea-b5b2-2cb19c12ca97,7/1/2024 8:02:48 PM,agoebl,7/1/2024 8:02:48 PM,agoebl,7,4,-105.100471166667,39.5432308333333
71,0e9a6c3e-8ff7-48e2-8ae8-659b3310248c,7/1/2024 8:02:49 PM,agoebl,7/1/2024 8:02:49 PM,agoebl,8,1,-105.100499666667,39.5431961666667
72,dbaac788-e7db-4825-83b9-eb886317ff6b,7/1/2024 8:02:50 PM,agoebl,7/1/2024 8:02:50 PM,agoebl,8,2,-105.100451166667,39.5432251666667
73,02342da9-9c5a-48b3-96e9-efdc2327095f,7/1/2024 8:02:52 PM,agoebl,7/1/2024 8:02:52 PM,agoebl,8,3,-105.100490666667,39.543163
74,b808e1d8-3409-4e61-ae45-efe0289006ef,7/1/2024 8:02:56 PM,agoebl,7/1/2024 8:02:56 PM,agoebl,8,4,-105.100446,39.5431765
75,be332375-791e-4828-b641-f6caf08a014f,7/3/2024 5:29:46 PM,agoebl,7/3/2024 5:29:46 PM,agoebl,9,1,-105.1000247,39.5423446
76,a41aa7b5-22c2-44db-b68d-28762f41c079,7/3/2024 5:29:48 PM,agoebl,7/3/2024 5:29:48 PM,agoebl,9,2,-105.100405650783,39.543244940416
77,6dd78d52-493e-4da9-9e3a-616563ee20a4,7/3/2024 5:29:51 PM,agoebl,7/3/2024 5:29:51 PM,agoebl,9,3,-105.100418273999,39.5432575573758
78,e853cee7-ec1e-47b4-905e-b4928ea6015b,7/3/2024 5:29:52 PM,agoebl,7/3/2024 5:29:52 PM,agoebl,9,4,-105.100399754585,39.5432528976266
79,2ab943f3-8daf-4bb9-904b-177f19b027ed,7/3/2024 5:29:52 PM,agoebl,7/3/2024 5:29:52 PM,agoebl,10,1,-105.100400790627,39.5432240124535
80,66c4e77d-3dd4-4432-b39a-fa2e6a50e0dd,7/3/2024 5:29:53 PM,agoebl,7/3/2024 5:29:53 PM,agoebl,10,2,-105.100371497374,39.5432372919584
81,c527b5d8-03a5-43f3-a645-ddb9a159a897,7/3/2024 5:29:54 PM,agoebl,7/3/2024 5:29:54 PM,agoebl,10,3,-105.100381983174,39.5432335653128
82,11645da6-11ec-4009-84a1-6391f2a379f6,7/3/2024 5:29:55 PM,agoebl,7/3/2024 5:29:55 PM,agoebl,10,4,-105.100341362639,39.5432352781695
83,90f49c20-5ce1-4351-ab5b-24c4deec4263,7/11/2024 6:32:19 PM,agoebl,7/11/2024 6:32:19 PM,agoebl,9,2,-105.10096,39.5423875
84,bc98c827-72a0-4391-b886-eb423cf9e2d7,7/11/2024 6:32:20 PM,agoebl,7/11/2024 6:32:20 PM,agoebl,9,3,-105.10039684,39.54324649
85,95fbc239-f4a3-45ef-ad73-823ee21c3128,7/11/2024 6:32:21 PM,agoebl,7/11/2024 6:32:21 PM,agoebl,9,4,-105.10037962,39.54322903
86,e334e416-6fa3-4a4d-9c48-60a2c0775826,7/11/2024 6:32:22 PM,agoebl,7/11/2024 6:32:22 PM,agoebl,8,1,-105.10046772,39.54317601
87,57e39e0d-e221-429a-98d8-04c5d32fe2ce,7/11/2024 6:32:23 PM,agoebl,7/11/2024 6:32:23 PM,agoebl,8,2,-105.1004453,39.54324553
88,ac3b98c6-bce5-4269-af97-713285c7cb47,7/11/2024 6:32:23 PM,agoebl,7/11/2024 6:32:23 PM,agoebl,10,1,-105.100368658483,39.5432592729908
89,a0964b73-e958-4fa9-a8b2-da50ea79d474,7/11/2024 6:32:25 PM,agoebl,7/11/2024 6:32:25 PM,agoebl,10,2,-105.100378308811,39.5432702003674
90,d146dc75-3e0d-4f03-8965-2fd84a89b3fa,7/11/2024 6:32:26 PM,agoebl,7/11/2024 6:32:26 PM,agoebl,10,3,-105.100423654095,39.543285237262
91,9827b62e-3545-4a6c-ac08-98d4fad86abc,7/11/2024 6:32:28 PM,agoebl,7/11/2024 6:32:28 PM,agoebl,8,3,-105.10045357,39.54325424
92,61e92e8b-8764-4b46-92e4-33bf288fd580,7/11/2024 6:32:29 PM,agoebl,7/11/2024 6:32:29 PM,agoebl,8,4,-105.10046183,39.54317493
93,ee2ff330-6b3c-412b-893f-2d98fe4ed926,7/11/2024 6:32:29 PM,agoebl,7/11/2024 6:32:29 PM,agoebl,10,4,-105.100366223152,39.5432711369798
94,42ce8e35-2507-4502-8ea0-3c16b580528a,7/11/2024 6:32:30 PM,agoebl,7/11/2024 6:32:30 PM,agoebl,9,1,-105.10036890219,39.5432594805086
95,e7a9593b-c61d-453c-8198-f3fa81fba8b3,7/11/2024 6:32:31 PM,agoebl,7/11/2024 6:32:31 PM,agoebl,9,2,-105.100418955772,39.5432692927153
96,906444d7-2fa1-44fe-af24-13bce29740db,7/11/2024 8:21:30 PM,agoebl,7/11/2024 8:21:30 PM,agoebl,1,1,-105.1006855,39.5433096666667
97,779cf56e-f414-4155-bb50-fbbe3e746336,7/11/2024 8:21:31 PM,agoebl,7/11/2024 8:21:31 PM,agoebl,1,2,-105.100713833333,39.5432331666667
98,75c62a69-b328-4e92-bbaa-c63ccdc1d831,7/11/2024 8:21:32 PM,agoebl,7/11/2024 8:21:32 PM,agoebl,1,3,-105.100706,39.5432451666667
99,d1a40fff-000b-4422-abe4-cbcb8772f531,7/11/2024 8:21:33 PM,agoebl,7/11/2024 8:21:33 PM,agoebl,1,4,-105.100706333333,39.5432381666667
100,cae93dff-511f-4611-962f-b8e99785075b,7/11/2024 8:21:34 PM,agoebl,7/11/2024 8:21:34 PM,agoebl,2,1,-105.100714833333,39.5432321666667
101,d24c4da5-fc20-4d54-85b1-94e328ce5757,7/11/2024 8:21:37 PM,agoebl,7/11/2024 8:21:37 PM,agoebl,2,2,-105.100725166667,39.5432713333333
102,8682511e-c5ac-4cb1-b18a-62651f5c8f73,7/11/2024 8:21:38 PM,agoebl,7/11/2024 8:21:38 PM,agoebl,2,3,-105.100692833333,39.5432035
103,45cd9f28-9159-40a2-b182-5e146406cbc2,7/11/2024 8:21:39 PM,agoebl,7/11/2024 8:21:39 PM,agoebl,2,4,-105.100706333333,39.5431711666667
104,35defba4-6148-458e-a4fa-49c92722bdbc,7/11/2024 8:21:40 PM,agoebl,7/11/2024 8:21:40 PM,agoebl,3,1,-105.100568666667,39.5432833333333
105,4e2deda4-cbfc-46d5-a875-fe03508869b1,7/11/2024 8:21:42 PM,agoebl,7/11/2024 8:21:42 PM,agoebl,3,2,-105.100622333333,39.5432521666667
106,e01b14e8-4716-45d3-8270-96a3f3002fcc,7/11/2024 8:21:43 PM,agoebl,7/11/2024 8:21:43 PM,agoebl,3,3,-105.100628333333,39.543245
107,26cfbcb9-6e95-47d0-bf94-1699ea3da17e,7/11/2024 8:21:44 PM,agoebl,7/11/2024 8:21:44 PM,agoebl,3,4,-105.100636833333,39.5432483333333
108,b258b7fd-85ba-4c2b-8dc2-3dac109417be,7/11/2024 8:21:46 PM,agoebl,7/11/2024 8:21:46 PM,agoebl,4,1,-105.100622333333,39.5431723333333
109,56c586b4-5bd2-4f47-bfec-4ca3b570956c,7/11/2024 8:21:48 PM,agoebl,7/11/2024 8:21:48 PM,agoebl,4,2,-105.100644166667,39.5432301666667
110,2ea855f4-5f67-4625-b3b3-e8234ceac2a7,7/11/2024 8:21:49 PM,agoebl,7/11/2024 8:21:49 PM,agoebl,4,3,-105.100642,39.5432196666667
111,5613a73e-5ae0-4c74-8891-8bc2285113a1,7/11/2024 8:21:50 PM,agoebl,7/11/2024 8:21:50 PM,agoebl,4,4,-105.100608166667,39.5431766666667
112,114e1323-3a46-4dbb-bcad-9833c10074ea,7/11/2024 8:21:52 PM,agoebl,7/11/2024 8:21:52 PM,agoebl,5,1,-105.100561666667,39.5432656666667
113,b94f9cc2-266d-415d-8fa3-fd0ebc3204d0,7/11/2024 8:21:53 PM,agoebl,7/11/2024 8:21:53 PM,agoebl,5,2,-105.100561166667,39.5432436666667
114,d27fd139-73c0-4721-b39d-d9b4c8a4976d,7/11/2024 8:21:54 PM,agoebl,7/11/2024 8:21:54 PM,agoebl,5,3,-105.100600833333,39.5432328333333
115,40163b78-ef7e-4e09-be57-dcc9088a1e2f,7/11/2024 8:21:55 PM,agoebl,7/11/2024 8:21:55 PM,agoebl,5,4,-105.100556666667,39.5432395
116,49987d88-0fd9-4af2-b79a-5e2c8549dcc6,7/11/2024 8:21:56 PM,agoebl,7/11/2024 8:21:56 PM,agoebl,6,1,-105.100555166667,39.5432155
117,f9377a62-be48-491a-9c5a-7610558aa458,7/11/2024 8:21:58 PM,agoebl,7/11/2024 8:21:58 PM,agoebl,6,2,-105.100554333333,39.5432171666667
118,f5e18ca6-e353-4bcb-a9df-668ee35bfcfd,7/12/2024 5:34:44 PM,agoebl,7/12/2024 5:34:44 PM,agoebl,7,1,-105.100411,39.5422554
119,0a5100b9-9603-4414-87a1-3d05ca8376d4,7/12/2024 5:34:47 PM,agoebl,7/12/2024 5:34:47 PM,agoebl,6,4,-105.1001796,39.5422231
120,9c7ad764-cbcd-4da0-8785-caff809d6274,7/12/2024 5:35:32 PM,agoebl,7/12/2024 5:35:32 PM,agoebl,7,2,-105.1009194,39.5424618
121,873ecf83-3acb-429c-a8f6-17770af41d9a,7/12/2024 5:35:33 PM,agoebl,7/12/2024 5:35:33 PM,agoebl,7,3,-105.1010096,39.5426375
122,9ab4b06a-d76e-4f04-83a1-32fb62de7f8e,7/12/2024 5:35:34 PM,agoebl,7/12/2024 5:35:34 PM,agoebl,7,4,-105.101042,39.5426643
123,82babb41-fbac-4cc0-836e-713cfa8c1fbe,7/12/2024 5:35:35 PM,agoebl,7/12/2024 5:35:35 PM,agoebl,6,3,-105.1001255,39.5422111
124,ce5531b5-7b0a-40d6-8444-0a31b8ef28ae,7/19/2024 1:47:03 PM,agoebl,7/19/2024 1:47:03 PM,agoebl,1,1,-105.100421666667,39.5431646666667
125,f4c73a0a-10af-4f25-ab61-94e3b8215816,7/19/2024 1:47:05 PM,agoebl,7/19/2024 1:47:05 PM,agoebl,1,2,-105.1007575,39.5432211666667
126,1d54991d-52c6-476d-862d-579e63d4e6a0,7/19/2024 1:47:06 PM,agoebl,7/19/2024 1:47:06 PM,agoebl,1,3,-105.100701666667,39.5431408333333
127,c70f8825-4d4e-48be-a8d3-17cb082cf518,7/19/2024 1:47:07 PM,agoebl,7/19/2024 1:47:07 PM,agoebl,1,4,-105.100709166667,39.5431918333333
128,914a5285-6bf4-4d1c-be64-fa5a0fa850db,7/19/2024 1:47:08 PM,agoebl,7/19/2024 1:47:08 PM,agoebl,2,1,-105.10071,39.543141
129,42074b43-05f0-4737-81b8-e3d9b9cb0f2e,7/19/2024 1:47:09 PM,agoebl,7/19/2024 1:47:09 PM,agoebl,2,2,-105.100696166667,39.5431515
130,19da9644-86bd-4e39-b8f5-7ae03e3df2b6,7/19/2024 1:47:11 PM,agoebl,7/19/2024 1:47:11 PM,agoebl,2,3,-105.1007095,39.5432415
131,8fb6e5c2-9fd7-41d0-888d-cd22194919a6,7/19/2024 1:47:12 PM,agoebl,7/19/2024 1:47:12 PM,agoebl,2,4,-105.100697,39.5431645
132,c2a44e0b-dab0-4004-88f8-2472c8d42695,7/19/2024 1:47:13 PM,agoebl,7/19/2024 1:47:13 PM,agoebl,3,1,-105.100697333333,39.5431551666667
133,1f2887f3-8994-4535-9bba-9e7a3371f28c,7/19/2024 1:47:37 PM,agoebl,7/19/2024 1:47:37 PM,agoebl,3,1,-105.100697333333,39.5431551666667
134,475afb85-86c5-4cc4-8ee2-13c26bc88e5b,7/19/2024 1:47:38 PM,agoebl,7/19/2024 1:47:38 PM,agoebl,3,2,-105.100616,39.5431733333333
135,3a0f0c13-22a0-403c-9bc1-5d5fa996307e,7/19/2024 1:47:40 PM,agoebl,7/19/2024 1:47:40 PM,agoebl,3,3,-105.100645,39.5432341666667
136,4ad1e0fd-5ff4-4ff9-9cbb-bc8aac4f15eb,7/19/2024 1:47:41 PM,agoebl,7/19/2024 1:47:41 PM,agoebl,3,4,-105.100627333333,39.5432371666667
137,00ffcfa4-78d3-42ad-a0ac-6dfdaadbce17,7/19/2024 1:47:42 PM,agoebl,7/19/2024 1:47:42 PM,agoebl,4,1,-105.100640166667,39.5431453333333
138,6b9039a9-20e1-4bb4-84bb-30909d75edc6,7/19/2024 1:48:08 PM,agoebl,7/19/2024 1:48:08 PM,agoebl,4,1,-105.100640166667,39.5431453333333
139,a5774c0f-997c-473b-ad6f-536d0997b44f,7/19/2024 1:48:09 PM,agoebl,7/19/2024 1:48:09 PM,agoebl,4,2,-105.100591333333,39.5431731666667
140,c9f38edf-33e9-4c39-84e9-7513ccdd1421,7/19/2024 1:48:10 PM,agoebl,7/19/2024 1:48:10 PM,agoebl,4,3,-105.100640833333,39.5432495
141,a6186fb2-eb6f-404f-8900-eaad77ca6078,7/19/2024 1:48:11 PM,agoebl,7/19/2024 1:48:11 PM,agoebl,4,4,-105.1006085,39.5431798333333
142,4196b156-7713-41a0-b07d-79774ad949af,7/19/2024 1:48:12 PM,agoebl,7/19/2024 1:48:12 PM,agoebl,5,1,-105.100613333333,39.5431695
143,46370172-2d11-42f7-b620-5ad2a0c1ffc7,7/19/2024 1:48:13 PM,agoebl,7/19/2024 1:48:13 PM,agoebl,5,2,-105.100567833333,39.5432568333333
144,e3e533b7-3d2b-467b-89e7-f531ab805fb9,7/19/2024 1:48:14 PM,agoebl,7/19/2024 1:48:14 PM,agoebl,5,3,-105.100563333333,39.5431735
145,66653efb-68c7-4638-9726-9e017f778877,7/19/2024 1:48:15 PM,agoebl,7/19/2024 1:48:15 PM,agoebl,5,4,-105.100573666667,39.543237
146,51a7a35d-a76d-44f4-ad4a-1be0b75e692f,7/19/2024 1:48:27 PM,agoebl,7/19/2024 1:48:27 PM,agoebl,10,1,-105.100387166667,39.5431735
147,4b5f4ec5-0ad3-4aec-985d-2c518ca8ed1f,7/19/2024 1:48:28 PM,agoebl,7/19/2024 1:48:28 PM,agoebl,10,2,-105.100393666667,39.5431673333333
148,679b9268-5441-4bb3-ba0e-a17e828f302c,7/19/2024 1:48:29 PM,agoebl,7/19/2024 1:48:29 PM,agoebl,10,3,-105.100404166667,39.5431641666667
149,ee1f1d4d-b581-4305-b3c4-2b1f70b13d8f,7/19/2024 1:48:29 PM,agoebl,7/19/2024 1:48:29 PM,agoebl,10,4,-105.1003785,39.5432301666667
150,49f74ccd-1c6a-43e5-a43e-fc04c9e8a625,7/19/2024 1:48:30 PM,agoebl,7/19/2024 1:48:30 PM,agoebl,9,1,-105.100375,39.543207
151,79426b49-2fff-45d5-b9a9-f52837b8d37a,7/19/2024 1:48:32 PM,agoebl,7/19/2024 1:48:32 PM,agoebl,9,2,-105.100434666667,39.543171
152,5fed207c-732b-4347-ba3a-debc72a5f186,7/19/2024 1:48:33 PM,agoebl,7/19/2024 1:48:33 PM,agoebl,9,3,-105.100397333333,39.5432423333333
153,8901edae-488c-4af0-8130-29195399fcda,7/19/2024 1:48:53 PM,agoebl,7/19/2024 1:48:53 PM,agoebl,9,4,-105.100399333333,39.5432406666667
154,2abe9b3a-db18-497b-a58d-03cfbd04ca49,7/19/2024 1:48:55 PM,agoebl,7/19/2024 1:48:55 PM,agoebl,8,1,-105.10044,39.5431703333333
155,3a817dbc-8842-4985-a252-a37d045dfce4,7/19/2024 1:48:56 PM,agoebl,7/19/2024 1:48:56 PM,agoebl,8,2,-105.100487333333,39.5431851666667
156,f0e50266-8a95-45ea-91d4-d477b4fd39f9,7/19/2024 1:48:57 PM,agoebl,7/19/2024 1:48:57 PM,agoebl,8,3,-105.100471666667,39.5431715
157,254864d9-3c7f-4dc9-bf11-b19e5808f3db,7/19/2024 1:48:58 PM,agoebl,7/19/2024 1:48:58 PM,agoebl,8,4,-105.100462166667,39.5431831666667
158,ca007481-b8af-4f66-bc21-ddcf005f5692,7/19/2024 1:48:59 PM,agoebl,7/19/2024 1:48:59 PM,agoebl,7,1,-105.100514833333,39.5431855
159,b57124e8-ac09-4740-b7d8-c2a10d7bd949,7/19/2024 1:48:59 PM,agoebl,7/19/2024 1:48:59 PM,agoebl,7,2,-105.100521833333,39.5432446666667
160,4074cb7d-6925-4776-8993-2ced3d6fe1c7,7/19/2024 1:49:01 PM,agoebl,7/19/2024 1:49:01 PM,agoebl,7,3,-105.1005,39.5431758333333
161,7bd59393-2f38-4aaf-9cb0-db7434be5ddf,7/19/2024 1:49:02 PM,agoebl,7/19/2024 1:49:02 PM,agoebl,7,4,-105.100474666667,39.543248
162,92f0314b-8a1c-4ac7-b92e-085cff99e738,7/19/2024 1:49:03 PM,agoebl,7/19/2024 1:49:03 PM,agoebl,6,1,-105.100559,39.543185
163,671a677c-1410-4824-b292-8b798c8cacec,7/19/2024 1:49:04 PM,agoebl,7/19/2024 1:49:04 PM,agoebl,6,2,-105.100539833333,39.5431715
164,71b81079-1641-47a8-8ee3-7ce4040c2c07,7/19/2024 1:49:04 PM,agoebl,7/19/2024 1:49:04 PM,agoebl,6,3,-105.100534166667,39.5431773333333
165,b6ec98eb-0809-4bc3-8472-d65bdc5b8925,7/19/2024 1:49:05 PM,agoebl,7/19/2024 1:49:05 PM,agoebl,6,4,-105.100535166667,39.5432393333333
166,da06175c-8a68-443e-8c4d-f9e0a8e02e08,7/26/2024 7:06:35 PM,agoebl,7/26/2024 7:06:35 PM,agoebl,1,1,-105.100762,39.543145
167,ec8e285c-0c78-4c68-a981-63f9737776ac,7/26/2024 7:06:37 PM,agoebl,7/26/2024 7:06:37 PM,agoebl,1,2,-105.100754,39.5432595
168,210c0927-e906-4ecd-a5ae-f8c796d5c80c,7/26/2024 7:06:38 PM,agoebl,7/26/2024 7:06:38 PM,agoebl,1,3,-105.100766166667,39.5432435
169,0738b802-0f73-4fd7-bd69-f7283b620173,7/26/2024 7:06:39 PM,agoebl,7/26/2024 7:06:39 PM,agoebl,1,4,-105.100715833333,39.5432076666667
170,bc119fce-e91b-496b-9a7c-6b256626f414,7/26/2024 7:06:40 PM,agoebl,7/26/2024 7:06:40 PM,agoebl,2,1,-105.1007075,39.5432366666667
171,4277d24f-818c-432d-a12e-088769b0a53c,7/26/2024 7:06:41 PM,agoebl,7/26/2024 7:06:41 PM,agoebl,2,2,-105.100734833333,39.5431821666667
172,4967d989-e090-4788-a6bc-189334f94261,7/26/2024 7:06:42 PM,agoebl,7/26/2024 7:06:42 PM,agoebl,2,3,-105.100720666667,39.5432135
173,10436fed-39fe-475e-aa91-727a2f551c16,7/26/2024 7:06:43 PM,agoebl,7/26/2024 7:06:43 PM,agoebl,2,4,-105.100698,39.5431735
174,2be47650-5758-4747-845c-fcf3685800f0,7/26/2024 7:06:44 PM,agoebl,7/26/2024 7:06:44 PM,agoebl,3,1,-105.100725833333,39.543166
175,74e11a26-df6f-4ea5-b9cd-50159809efaf,7/26/2024 7:06:45 PM,agoebl,7/26/2024 7:06:45 PM,agoebl,3,2,-105.100652666667,39.5432415
176,1841aa35-c2fb-4681-b2e3-69fa45abe3b9,7/26/2024 7:06:46 PM,agoebl,7/26/2024 7:06:46 PM,agoebl,3,3,-105.100657,39.5431583333333
177,42aac566-0b1b-425b-a432-e980f58ce7ee,7/26/2024 7:06:47 PM,agoebl,7/26/2024 7:06:47 PM,agoebl,3,4,-105.100625833333,39.5431933333333
178,e8faedb4-8d54-41ef-908e-e4881b12450f,7/26/2024 7:06:48 PM,agoebl,7/26/2024 7:06:48 PM,agoebl,4,1,-105.100676,39.5431368333333
179,30321a60-f511-4bdb-9ab2-78627212bfa9,7/26/2024 7:06:49 PM,agoebl,7/26/2024 7:06:49 PM,agoebl,4,2,-105.100646,39.5431906666667
180,48f30b11-f6fe-45a4-baa9-6719f5c672f2,7/26/2024 7:06:52 PM,agoebl,7/26/2024 7:06:52 PM,agoebl,4,3,-105.100635,39.5432138333333
181,4bc7dae9-8e37-4d5c-823d-192e51778193,7/26/2024 7:06:53 PM,agoebl,7/26/2024 7:06:53 PM,agoebl,4,4,-105.100593833333,39.5431801666667
182,471802df-d316-4e3e-956b-9520f11fccec,7/26/2024 7:06:54 PM,agoebl,7/26/2024 7:06:54 PM,agoebl,5,1,-105.1006215,39.5431555
183,73dd8ff7-1aed-4af3-bebe-717bc708d8b1,7/26/2024 7:06:55 PM,agoebl,7/26/2024 7:06:55 PM,agoebl,5,2,-105.100571166667,39.5432375
184,8e2e764e-6e37-4182-972d-18c92f6bfe4c,7/26/2024 7:06:55 PM,agoebl,7/26/2024 7:06:55 PM,agoebl,5,3,-105.100567333333,39.54324
185,d29967fe-1dc2-449d-868c-31487bf646b0,7/26/2024 7:06:56 PM,agoebl,7/26/2024 7:06:56 PM,agoebl,5,4,-105.100538833333,39.5432213333333
186,99de26e9-7a23-4eeb-8adf-dedb5a9f07ff,7/26/2024 7:06:57 PM,agoebl,7/26/2024 7:06:57 PM,agoebl,6,1,-105.100563666667,39.5431505
187,4ea021d5-89d2-4908-a1a5-5acfdd8f3e5a,7/26/2024 7:06:59 PM,agoebl,7/26/2024 7:06:59 PM,agoebl,6,2,-105.100534,39.5432235
188,a7a4bd92-cd78-4276-ae34-b3c081320fc9,7/26/2024 7:07:00 PM,agoebl,7/26/2024 7:07:00 PM,agoebl,6,3,-105.10056,39.543234
189,ec994093-e4d9-4534-95b8-b4e63f2708fa,7/26/2024 7:07:01 PM,agoebl,7/26/2024 7:07:01 PM,agoebl,6,4,-105.100500333333,39.5432428333333
190,f3873b2c-93d4-4cdf-b064-366d8d0d9f11,7/26/2024 7:07:01 PM,agoebl,7/26/2024 7:07:01 PM,agoebl,7,1,-105.100546666667,39.5431805
191,85ba18a8-b4ae-444d-84c3-07ca86cbb1b0,7/26/2024 7:07:58 PM,agoebl,7/26/2024 7:07:58 PM,agoebl,7,1,-105.100546666667,39.5431805
192,290892b8-b3dd-4212-8a79-dc9a143a7a05,7/26/2024 7:07:59 PM,agoebl,7/26/2024 7:07:59 PM,agoebl,7,2,-105.100481666667,39.5432108333333
193,41700c74-58db-4180-8b2b-56e486b38ac6,7/26/2024 7:08:00 PM,agoebl,7/26/2024 7:08:00 PM,agoebl,7,3,-105.100485833333,39.54326
194,e479c3a0-1a1d-48f1-8e26-c9638984a3d5,7/26/2024 7:08:01 PM,agoebl,7/26/2024 7:08:01 PM,agoebl,7,4,-105.100484166667,39.543249
195,5e61e895-e1f8-4594-8224-8f83dcf2f328,7/26/2024 7:08:02 PM,agoebl,7/26/2024 7:08:02 PM,agoebl,8,1,-105.100547333333,39.5431653333333
196,545f8564-e6bb-4382-8448-090594d6c60d,7/26/2024 7:08:03 PM,agoebl,7/26/2024 7:08:03 PM,agoebl,8,2,-105.100446333333,39.543277
197,2dc20952-9d4d-4cc3-a746-6ba7777cfdba,7/26/2024 7:08:04 PM,agoebl,7/26/2024 7:08:04 PM,agoebl,8,3,-105.100470833333,39.5432513333333
198,da222cd8-73dd-45c9-860a-1b00e40b3e0d,7/26/2024 7:08:05 PM,agoebl,7/26/2024 7:08:05 PM,agoebl,8,4,-105.100445166667,39.5432603333333
199,e9fbec92-5f69-43ad-a4a8-8ae2ec1c94e1,7/26/2024 7:08:06 PM,agoebl,7/26/2024 7:08:06 PM,agoebl,9,1,-105.100445,39.5431831666667
200,0d6ffdf4-7e72-49f4-b70b-fe86fe5ce5aa,7/26/2024 7:08:07 PM,agoebl,7/26/2024 7:08:07 PM,agoebl,9,2,-105.100425,39.5432478333333
201,0c0cef36-351c-4055-9713-f2fbcba77952,7/26/2024 7:08:07 PM,agoebl,7/26/2024 7:08:07 PM,agoebl,9,3,-105.100397,39.5432435
202,c576f237-a75f-4dd7-b3c3-224bdac076b7,7/26/2024 7:08:09 PM,agoebl,7/26/2024 7:08:09 PM,agoebl,9,4,-105.100364333333,39.5432745
203,9b035dc7-94b1-425b-bf9f-67ab76bd903c,7/26/2024 7:08:09 PM,agoebl,7/26/2024 7:08:09 PM,agoebl,10,1,-105.100345333333,39.5432908333333
204,0a4dedb1-c0fa-441f-8888-d8c2e3dd0ddf,7/26/2024 7:08:10 PM,agoebl,7/26/2024 7:08:10 PM,agoebl,10,2,-105.100392166667,39.5432528333333
205,8167bad2-2f84-4e2c-8010-ee5bdea21b02,7/26/2024 7:08:11 PM,agoebl,7/26/2024 7:08:11 PM,agoebl,10,3,-105.100406166667,39.5432246666667
206,a3bd7f7b-b5b1-41ff-a7dc-e7d67e628031,7/26/2024 7:08:12 PM,agoebl,7/26/2024 7:08:12 PM,agoebl,10,4,-105.100352666667,39.5432353333333
207,346e9936-653c-4bc4-b8e9-b3315054f37a,7/30/2024 7:53:20 PM,agoebl,7/30/2024 7:53:20 PM,agoebl,10,1,-105.100398333333,39.5431816666667
208,59c87528-cc10-4de1-8945-ed92c0871ea3,7/30/2024 7:53:21 PM,agoebl,7/30/2024 7:53:21 PM,agoebl,10,2,-105.100389166667,39.5432531666667
209,1d57fc01-8a65-4926-aadb-225bce0bcf58,7/30/2024 7:53:23 PM,agoebl,7/30/2024 7:53:23 PM,agoebl,10,3,-105.100375833333,39.543256
210,2a6c793a-5590-4e66-9d59-91295b113923,7/30/2024 7:53:24 PM,agoebl,7/30/2024 7:53:24 PM,agoebl,10,4,-105.100371333333,39.5432466666667
211,af2d11ca-7e68-498f-bbf0-71b63a9c9ac5,7/30/2024 7:53:25 PM,agoebl,7/30/2024 7:53:25 PM,agoebl,9,1,-105.100428,39.5432048333333
212,29b441c4-931e-40a5-83f0-99c03d45aa07,7/30/2024 7:53:26 PM,agoebl,7/30/2024 7:53:26 PM,agoebl,9,2,-105.1004155,39.5432191666667
213,969802af-37ed-4c5b-8a01-a051472bbff9,7/30/2024 7:53:28 PM,agoebl,7/30/2024 7:53:28 PM,agoebl,9,3,-105.100404166667,39.5432133333333
214,84432e4c-4f59-4b46-aff2-4bef43ca85ca,7/30/2024 7:53:29 PM,agoebl,7/30/2024 7:53:29 PM,agoebl,9,4,-105.100397833333,39.5432126666667
215,e18c1b30-6cb3-463b-9593-d27d7902531e,7/30/2024 7:53:30 PM,agoebl,7/30/2024 7:53:30 PM,agoebl,8,1,-105.100389833333,39.5431498333333
216,e250bd8e-b0d2-499b-8f18-e0f400a6db56,7/30/2024 7:53:31 PM,agoebl,7/30/2024 7:53:31 PM,agoebl,8,2,-105.100484333333,39.5431818333333
217,66f582bb-fbd2-4278-bc6d-9a9d8e1421c3,7/30/2024 7:53:32 PM,agoebl,7/30/2024 7:53:32 PM,agoebl,8,3,-105.100440333333,39.5431705
218,33cda573-aca7-4242-ad96-9b5cb8aff7e9,7/30/2024 7:53:33 PM,agoebl,7/30/2024 7:53:33 PM,agoebl,8,4,-105.100433166667,39.5432181666667
219,6fbc42a6-57fe-408e-ad7f-3bd313cdfbce,7/30/2024 7:53:34 PM,agoebl,7/30/2024 7:53:34 PM,agoebl,7,1,-105.100502666667,39.5432033333333
220,e633354a-75d9-4be9-95e7-32bab0788317,7/30/2024 7:53:35 PM,agoebl,7/30/2024 7:53:35 PM,agoebl,7,2,-105.100506166667,39.543207
222,e7eb4909-705d-42f9-a5ac-6def2224a35e,7/30/2024 7:54:41 PM,agoebl,7/30/2024 7:54:41 PM,agoebl,7,3,-105.100473,39.5432241666667
223,cea7a734-aae5-4ed3-aea6-a491a26b2b3e,7/30/2024 7:54:42 PM,agoebl,7/30/2024 7:54:42 PM,agoebl,7,4,-105.100487,39.5432116666667
224,2d271800-e91d-4ced-a411-d2d11f4ea23e,7/30/2024 7:54:43 PM,agoebl,7/30/2024 7:54:43 PM,agoebl,6,1,-105.100572,39.5431618333333
225,4851bfbd-852c-4ef8-b886-7c41ef8d188a,7/30/2024 7:54:43 PM,agoebl,7/30/2024 7:54:43 PM,agoebl,6,2,-105.100559333333,39.543226
226,5891ec81-d9a7-4634-bba7-0e30e023a2ac,7/30/2024 7:54:44 PM,agoebl,7/30/2024 7:54:44 PM,agoebl,6,3,-105.100554,39.5432331666667
227,e7cea653-0654-45ef-b8e6-c8d4835de5d6,7/30/2024 7:54:45 PM,agoebl,7/30/2024 7:54:45 PM,agoebl,6,4,-105.100517,39.543226
228,cf6a67c3-fb8d-4d3a-8f82-c449ff865db3,7/30/2024 10:35:43 PM,agoebl,7/30/2024 10:35:43 PM,agoebl,1,1,-105.100626333333,39.543236
229,f5952323-8ca5-4add-8e08-0df8e61b3b8f,7/30/2024 10:35:44 PM,agoebl,7/30/2024 10:35:44 PM,agoebl,1,2,-105.1007445,39.5432495
230,8aaed51a-ef49-4603-bc23-26851a4314de,7/30/2024 10:35:45 PM,agoebl,7/30/2024 10:35:45 PM,agoebl,1,3,-105.100735333333,39.5431745
231,f635e059-e32b-4401-b805-91d355ec9e31,7/30/2024 10:35:46 PM,agoebl,7/30/2024 10:35:46 PM,agoebl,1,4,-105.1007095,39.543235
232,a7d44dae-be9d-4d99-a0a8-40a45b99134d,7/30/2024 10:35:46 PM,agoebl,7/30/2024 10:35:46 PM,agoebl,2,1,-105.100709833333,39.5431685
233,e2e76429-2a77-4fc8-b3a4-697ac2784e60,7/30/2024 10:35:47 PM,agoebl,7/30/2024 10:35:47 PM,agoebl,2,2,-105.1007255,39.5432486666667
234,09f3f7d9-3c3b-4485-871d-699dfd729566,7/30/2024 10:35:48 PM,agoebl,7/30/2024 10:35:48 PM,agoebl,2,3,-105.100721,39.5432393333333
235,bda288a4-8db4-4e18-aafa-ba6b0d30f654,7/30/2024 10:35:49 PM,agoebl,7/30/2024 10:35:49 PM,agoebl,2,4,-105.100700833333,39.5432243333333
236,70ab98b5-319b-4e8d-875c-f3eab80bc62d,7/30/2024 10:35:50 PM,agoebl,7/30/2024 10:35:50 PM,agoebl,3,1,-105.100745166667,39.5431576666667
237,4d4079db-08b6-49d5-b7d6-0c546a6ece42,7/30/2024 10:35:51 PM,agoebl,7/30/2024 10:35:51 PM,agoebl,3,2,-105.100636166667,39.5432375
238,1819f50f-5568-4edf-96a9-835ddef8d757,7/30/2024 10:35:51 PM,agoebl,7/30/2024 10:35:51 PM,agoebl,3,3,-105.100678833333,39.5432516666667
239,47603879-a820-4847-a91d-ca799b711bd0,7/30/2024 10:35:52 PM,agoebl,7/30/2024 10:35:52 PM,agoebl,3,4,-105.100652666667,39.5432226666667
240,66356a5a-7849-4f95-bc91-14bea271f0c3,7/30/2024 10:35:53 PM,agoebl,7/30/2024 10:35:53 PM,agoebl,4,1,-105.100649,39.5432111666667
241,e89ce932-11f4-4c80-8b0e-72739fce9464,7/30/2024 10:35:54 PM,agoebl,7/30/2024 10:35:54 PM,agoebl,4,2,-105.100639666667,39.5432226666667
242,76387585-1340-4d6c-8be6-7374ae277370,7/30/2024 10:35:54 PM,agoebl,7/30/2024 10:35:54 PM,agoebl,4,3,-105.100641,39.5432356666667
243,fb798fb6-dcb2-40cb-9ba4-be08b382217e,7/30/2024 10:35:55 PM,agoebl,7/30/2024 10:35:55 PM,agoebl,4,4,-105.100596833333,39.5432335
244,3cb3819b-bb4c-451d-93ce-e303afa3754d,7/30/2024 10:35:56 PM,agoebl,7/30/2024 10:35:56 PM,agoebl,5,1,-105.100607333333,39.5431951666667
245,7a5a6dce-e8da-46fc-9f1c-236971014731,7/30/2024 10:35:56 PM,agoebl,7/30/2024 10:35:56 PM,agoebl,5,2,-105.100625,39.5432133333333
246,1a0fb05b-802c-438e-a5b8-4c3834e0460d,7/30/2024 10:35:57 PM,agoebl,7/30/2024 10:35:57 PM,agoebl,5,3,-105.100589166667,39.5431563333333
247,219f10f2-0a0f-4475-9aa8-6589f04e2e71,7/30/2024 10:35:58 PM,agoebl,7/30/2024 10:35:58 PM,agoebl,5,4,-105.100588333333,39.5431618333333
248,09317328-8eeb-4a46-b382-5f06758e9a0f,8/8/2024 9:44:13 PM,agoebl,8/8/2024 9:44:13 PM,agoebl,10,1,-105.1004155,39.5431686666667
249,a330e1c8-e0ee-4aa1-b3c3-57cf884fe200,8/8/2024 9:44:14 PM,agoebl,8/8/2024 9:44:14 PM,agoebl,10,2,-105.100402666667,39.5432006666667
250,c9067188-7ea0-4a33-9933-c02ab3914708,8/8/2024 9:44:15 PM,agoebl,8/8/2024 9:44:15 PM,agoebl,10,3,-105.100415,39.5431945
251,dfc5a7b1-2d4a-40ba-907c-9a27f362a5c1,8/8/2024 9:44:16 PM,agoebl,8/8/2024 9:44:16 PM,agoebl,10,4,-105.1003715,39.5432006666667
252,bf96a42d-4e37-4fcc-aa0f-55f0a23c11b0,8/8/2024 9:44:17 PM,agoebl,8/8/2024 9:44:17 PM,agoebl,9,1,-105.1003665,39.5431746666667
253,db079687-d5df-47c4-8ba3-825faca553c1,8/8/2024 9:44:18 PM,agoebl,8/8/2024 9:44:18 PM,agoebl,9,2,-105.100444333333,39.5431748333333
254,01bee456-fbc8-453a-a5f7-5f1dcc8e00c2,8/8/2024 9:44:19 PM,agoebl,8/8/2024 9:44:19 PM,agoebl,9,3,-105.100433,39.5432536666667
255,1127fad8-535a-421f-92a1-db74ae7e9e8a,8/8/2024 9:44:20 PM,agoebl,8/8/2024 9:44:20 PM,agoebl,9,4,-105.100404333333,39.5432066666667
256,0b430e5d-b0b4-4e94-a0e0-291bbb860c73,8/8/2024 9:44:20 PM,agoebl,8/8/2024 9:44:20 PM,agoebl,8,1,-105.100483166667,39.5431798333333
257,11ea5514-5060-458f-a481-e25717e68561,8/8/2024 9:44:21 PM,agoebl,8/8/2024 9:44:21 PM,agoebl,8,2,-105.1004585,39.5432326666667
258,70cfb201-8c3c-4a21-a6ba-929a2a3f8cd8,8/8/2024 9:44:22 PM,agoebl,8/8/2024 9:44:22 PM,agoebl,8,3,-105.100482166667,39.5432628333333
259,ecfe5b7b-1064-4ce0-b045-e6cfb6535743,8/8/2024 9:44:22 PM,agoebl,8/8/2024 9:44:22 PM,agoebl,8,4,-105.100438833333,39.5432571666667
260,beaf9c20-5543-461f-8f55-03fd82e44f76,8/8/2024 9:44:23 PM,agoebl,8/8/2024 9:44:23 PM,agoebl,7,1,-105.100455,39.543234
261,69c3646d-35f2-465b-a509-585283c29318,8/8/2024 9:44:24 PM,agoebl,8/8/2024 9:44:24 PM,agoebl,7,2,-105.100498166667,39.5432391666667
262,fd91a16e-5e6a-4fa8-a2e3-452fbe05d342,8/8/2024 9:44:24 PM,agoebl,8/8/2024 9:44:24 PM,agoebl,7,3,-105.100525666667,39.5432568333333
263,d9db8a24-dd22-4219-9d7e-cd25325ed178,8/8/2024 9:44:25 PM,agoebl,8/8/2024 9:44:25 PM,agoebl,7,4,-105.100483333333,39.5432598333333
264,c530c4cd-060e-4c5a-8b9b-e22bb2c7ae47,8/8/2024 9:44:26 PM,agoebl,8/8/2024 9:44:26 PM,agoebl,6,1,-105.100501166667,39.5431676666667
265,01790f83-d105-49c5-9818-f927adde4c7d,8/8/2024 9:44:26 PM,agoebl,8/8/2024 9:44:26 PM,agoebl,6,2,-105.100535833333,39.5432686666667
266,3131f2cd-c53b-49be-860d-1816f2ee1d71,8/8/2024 9:44:27 PM,agoebl,8/8/2024 9:44:27 PM,agoebl,6,3,-105.100568833333,39.5432576666667
267,0854251f-70dd-40d3-9d73-832e9e3cc542,8/8/2024 9:44:28 PM,agoebl,8/8/2024 9:44:28 PM,agoebl,6,4,-105.100518,39.5432325
268,0e8dbbb0-cec1-4e7a-a9cb-87111945a135,8/12/2024 4:43:00 PM,agoebl,8/12/2024 4:43:00 PM,agoebl,1,1,-105.100754166667,39.543175
269,ee3f31e2-8283-4b32-b226-f5f418e9bd1e,8/12/2024 4:43:01 PM,agoebl,8/12/2024 4:43:01 PM,agoebl,1,2,-105.100769,39.5432298333333
270,d1b4231b-e59b-45a1-9cf6-711e52ff436f,8/12/2024 4:43:02 PM,agoebl,8/12/2024 4:43:02 PM,agoebl,1,3,-105.1007695,39.5432335
271,c27f6d91-1dde-4f82-a9ff-fb91d10c51bf,8/12/2024 4:43:03 PM,agoebl,8/12/2024 4:43:03 PM,agoebl,1,4,-105.100712666667,39.543195
272,d45743e5-d6e0-4f7b-829b-930d6fd5f94d,8/12/2024 4:43:04 PM,agoebl,8/12/2024 4:43:04 PM,agoebl,2,1,-105.100731666667,39.5431801666667
273,b0f966bb-739b-4f3a-82ea-b7532cffcb74,8/12/2024 4:43:05 PM,agoebl,8/12/2024 4:43:05 PM,agoebl,2,2,-105.100726333333,39.5432323333333
274,99f57a52-47b7-465b-892e-fdff0bd1efa2,8/12/2024 4:43:06 PM,agoebl,8/12/2024 4:43:06 PM,agoebl,2,3,-105.100721833333,39.543211
275,d53445db-5434-4dd4-8df5-24dc8236da16,8/12/2024 4:43:06 PM,agoebl,8/12/2024 4:43:06 PM,agoebl,2,4,-105.100684166667,39.5432453333333
276,ec73df56-583a-4a64-a651-a999f904bf20,8/12/2024 4:43:07 PM,agoebl,8/12/2024 4:43:07 PM,agoebl,3,1,-105.100696,39.5431613333333
277,9417cce9-c5f2-4fb3-8b30-db9dceb31cf6,8/12/2024 4:43:08 PM,agoebl,8/12/2024 4:43:08 PM,agoebl,3,2,-105.100693666667,39.5431775
278,fcf714ff-ca3d-49f8-92db-601b6c803b25,8/12/2024 4:43:09 PM,agoebl,8/12/2024 4:43:09 PM,agoebl,3,3,-105.100663333333,39.5431916666667
279,562d38cf-fe65-4102-be40-3f8a95cf3cff,8/12/2024 4:43:10 PM,agoebl,8/12/2024 4:43:10 PM,agoebl,3,4,-105.100666833333,39.5431696666667
280,76aba9b0-ac0a-4c47-a920-8828490090b6,8/12/2024 4:43:11 PM,agoebl,8/12/2024 4:43:11 PM,agoebl,4,1,-105.100651333333,39.5431806666667
281,e3708f32-171b-44fb-a23d-4a9b21c0bdfd,8/12/2024 4:43:12 PM,agoebl,8/12/2024 4:43:12 PM,agoebl,4,2,-105.100654,39.5432256666667
282,a528295b-d3e4-40b1-b701-a1b42b05cb6f,8/12/2024 4:43:12 PM,agoebl,8/12/2024 4:43:12 PM,agoebl,4,3,-105.1006155,39.5431836666667
283,71cb75ba-d706-4acb-b61f-92d12974c0d9,8/12/2024 4:43:13 PM,agoebl,8/12/2024 4:43:13 PM,agoebl,4,4,-105.100606,39.5432516666667
284,a145e100-5cc0-4e5a-8fd9-9932db8e7191,8/12/2024 4:43:14 PM,agoebl,8/12/2024 4:43:14 PM,agoebl,5,1,-105.1005755,39.543152
285,300f890e-0e98-4ab0-b14e-0344b065a06f,8/12/2024 4:43:15 PM,agoebl,8/12/2024 4:43:15 PM,agoebl,5,2,-105.100622666667,39.54319
286,90d25ae1-19e0-4420-ba3b-2c3140b82965,8/12/2024 4:43:15 PM,agoebl,8/12/2024 4:43:15 PM,agoebl,5,3,-105.100613,39.5432628333333
287,311245a8-c2e4-40fc-a6f9-f2578ad8107d,8/12/2024 4:43:16 PM,agoebl,8/12/2024 4:43:16 PM,agoebl,5,4,-105.100550666667,39.5431875
288,95e260a9-a664-491d-8473-115ad67d2c3c,8/13/2024 6:21:49 PM,agoebl,8/13/2024 6:21:49 PM,agoebl,1,1,-105.10076,39.543181
289,d2205c38-92be-4720-a553-06d0cd6dffbe,8/13/2024 6:21:51 PM,agoebl,8/13/2024 6:21:51 PM,agoebl,1,2,-105.100735166667,39.543166
290,c90aee3a-14ba-4e5a-bef4-4e0038bafbc3,8/13/2024 6:21:52 PM,agoebl,8/13/2024 6:21:52 PM,agoebl,1,3,-105.100738333333,39.5431698333333
291,9ae16bf0-117d-4fd7-b7a1-8060dce7798a,8/13/2024 6:21:53 PM,agoebl,8/13/2024 6:21:53 PM,agoebl,1,4,-105.100736833333,39.5432295
292,3779c239-0f50-4302-9c16-29c8f7e84dff,8/13/2024 6:21:54 PM,agoebl,8/13/2024 6:21:54 PM,agoebl,2,1,-105.100741666667,39.5431656666667
293,0f2c19fa-66ce-45ea-beb6-46231b438489,8/13/2024 6:21:55 PM,agoebl,8/13/2024 6:21:55 PM,agoebl,2,2,-105.100706666667,39.5431626666667
294,9f245f5e-8898-4fbd-8028-8fccfdb15b52,8/13/2024 6:21:56 PM,agoebl,8/13/2024 6:21:56 PM,agoebl,2,3,-105.100710333333,39.5432403333333
295,b2514928-cd4f-4172-b944-f6cf4fe5db9a,8/13/2024 6:21:57 PM,agoebl,8/13/2024 6:21:57 PM,agoebl,2,4,-105.100675666667,39.5431838333333
296,a7ef06e2-9350-4816-b009-4045ab5c0106,8/13/2024 6:21:57 PM,agoebl,8/13/2024 6:21:57 PM,agoebl,3,1,-105.100682166667,39.5431661666667
297,b49e6d60-5bdf-47f8-b21d-a9f82c2404cd,8/13/2024 6:21:59 PM,agoebl,8/13/2024 6:21:59 PM,agoebl,3,2,-105.100681833333,39.5432271666667
298,b0dd3d30-0d4b-4675-9d91-986fb65a7677,8/13/2024 6:21:59 PM,agoebl,8/13/2024 6:21:59 PM,agoebl,3,3,-105.1006665,39.5431651666667
299,da971d63-a013-4877-8545-6fb8ef85712d,8/13/2024 6:22:00 PM,agoebl,8/13/2024 6:22:00 PM,agoebl,3,4,-105.1006365,39.5431638333333
300,c4af3b04-64ea-4d3f-a916-3ff9acf50ebe,8/13/2024 6:22:01 PM,agoebl,8/13/2024 6:22:01 PM,agoebl,4,1,-105.10063,39.5431803333333
301,3c10ba12-37c8-40e9-a5fa-a45a0855f0c3,8/13/2024 6:22:02 PM,agoebl,8/13/2024 6:22:02 PM,agoebl,4,2,-105.100634333333,39.543219
302,dad3257a-9a35-4275-90cb-83c2da9d6a1f,8/13/2024 6:22:04 PM,agoebl,8/13/2024 6:22:04 PM,agoebl,4,3,-105.100612166667,39.5432235
303,f30c965f-dd7a-4533-8793-9e679d5df4d3,8/13/2024 6:44:14 PM,agoebl,8/13/2024 6:44:14 PM,agoebl,10,1,-105.100524,39.543162
304,1ef59292-f2f4-452a-8f49-d2ad61f966dc,8/13/2024 6:44:14 PM,agoebl,8/13/2024 6:44:14 PM,agoebl,10,2,-105.100400333333,39.5432063333333
305,6329dac9-8330-462e-95b8-1448ef88cb68,8/13/2024 6:44:15 PM,agoebl,8/13/2024 6:44:15 PM,agoebl,10,3,-105.100404833333,39.543242
306,828057de-c4b6-49e6-a840-8ee8fb746886,8/13/2024 6:44:17 PM,agoebl,8/13/2024 6:44:17 PM,agoebl,10,4,-105.100381666667,39.5432055
307,85d7d176-c321-4082-b4a1-b47f20e6f763,8/13/2024 6:44:18 PM,agoebl,8/13/2024 6:44:18 PM,agoebl,9,1,-105.1003785,39.543242
308,1fa1eaaf-4595-462b-b060-091ef123442e,8/13/2024 6:44:19 PM,agoebl,8/13/2024 6:44:19 PM,agoebl,9,2,-105.100429833333,39.5431881666667
309,dbbd8fdc-8532-496b-98a8-3438fca358c3,8/13/2024 6:44:20 PM,agoebl,8/13/2024 6:44:20 PM,agoebl,9,3,-105.1004265,39.5432351666667
310,d4b912bf-7af9-4b1b-b128-9d0c16f72b22,8/13/2024 6:44:21 PM,agoebl,8/13/2024 6:44:21 PM,agoebl,9,4,-105.100402833333,39.5432413333333
311,65bebf1d-1025-46a3-a977-c8596b38a749,8/13/2024 6:44:22 PM,agoebl,8/13/2024 6:44:22 PM,agoebl,8,1,-105.100500166667,39.543139
312,93d6215b-0973-41ba-af10-8ec89206d3c0,8/13/2024 6:44:23 PM,agoebl,8/13/2024 6:44:23 PM,agoebl,8,2,-105.100502,39.5432138333333
313,7918d24d-4753-4135-ad3a-cc659ccaebae,8/13/2024 6:44:24 PM,agoebl,8/13/2024 6:44:24 PM,agoebl,8,3,-105.100472333333,39.5431625
314,9a955fec-3503-4dbd-bbab-b5b9dae29fe2,8/13/2024 6:44:24 PM,agoebl,8/13/2024 6:44:24 PM,agoebl,8,4,-105.100424333333,39.5432048333333
315,e866b131-792d-4460-8337-789238671909,8/13/2024 6:44:25 PM,agoebl,8/13/2024 6:44:25 PM,agoebl,7,1,-105.100521166667,39.5431533333333
316,5c28591a-ad85-42b5-ad48-5ffca6a4972a,8/13/2024 6:44:26 PM,agoebl,8/13/2024 6:44:26 PM,agoebl,7,2,-105.1005195,39.5431711666667
317,761984d2-fe15-4aae-87c1-f5bd5c6da78a,8/13/2024 6:44:27 PM,agoebl,8/13/2024 6:44:27 PM,agoebl,7,3,-105.100537666667,39.5432311666667
318,2a2cac24-67a6-438a-a7b2-98b2eeb301ba,8/13/2024 6:44:28 PM,agoebl,8/13/2024 6:44:28 PM,agoebl,7,4,-105.1004775,39.5432158333333
319,2c7fc9d7-d89a-4fa9-9f02-23d0342dab65,8/13/2024 6:44:29 PM,agoebl,8/13/2024 6:44:29 PM,agoebl,6,1,-105.100518666667,39.5431716666667
320,86a7b2ce-1d32-4671-9230-2fb1b18417eb,8/13/2024 6:44:30 PM,agoebl,8/13/2024 6:44:30 PM,agoebl,6,2,-105.100558666667,39.5431616666667
321,ea530cf4-075a-4102-acd9-45dc0ac455d4,8/13/2024 6:44:31 PM,agoebl,8/13/2024 6:44:31 PM,agoebl,6,3,-105.100566833333,39.5432633333333
322,4a6d3d1c-b795-4cc5-8ff8-a4dababffd9c,8/13/2024 6:44:32 PM,agoebl,8/13/2024 6:44:32 PM,agoebl,6,4,-105.100513833333,39.5431858333333
323,243d8e19-be0a-4842-ac93-bdf3feb5c7fc,8/13/2024 6:44:32 PM,agoebl,8/13/2024 6:44:32 PM,agoebl,5,1,-105.100553166667,39.5431575
324,7a6e9ba6-b3e7-4937-a83e-89cb425d1bf5,8/13/2024 6:44:33 PM,agoebl,8/13/2024 6:44:33 PM,agoebl,5,2,-105.100549833333,39.5432236666667
325,6a34c722-b205-4f44-96e6-fa8c5cffca84,8/13/2024 6:44:34 PM,agoebl,8/13/2024 6:44:34 PM,agoebl,5,3,-105.100566,39.5432518333333
326,829a8582-233b-4140-a1c1-78c60dc59e95,8/13/2024 6:44:34 PM,agoebl,8/13/2024 6:44:34 PM,agoebl,5,4,-105.100556833333,39.543227
327,0e3cdb8d-86cc-42de-aa64-dbc685e19a43,8/13/2024 6:44:35 PM,agoebl,8/13/2024 6:44:35 PM,agoebl,4,4,-105.100598,39.5431635
328,e473b013-60e5-42eb-9091-880bfdfb29ab,8/20/2024 6:28:00 PM,agoebl,8/20/2024 6:28:00 PM,agoebl,1,1,-105.1015011,39.5444787
329,b70b747f-08f4-4cae-9196-a04364ceeae4,8/20/2024 6:28:02 PM,agoebl,8/20/2024 6:28:02 PM,agoebl,1,2,-105.100733666667,39.5432476666667
330,5504f386-c843-4065-9279-ddad7d0680f8,8/20/2024 6:28:03 PM,agoebl,8/20/2024 6:28:03 PM,agoebl,1,3,-105.1007455,39.543224
331,b4fbc710-40a6-493a-8377-627a10150309,8/20/2024 6:28:03 PM,agoebl,8/20/2024 6:28:03 PM,agoebl,1,4,-105.100750166667,39.5431786666667
332,1db61f10-214b-4683-962f-0387812c68d9,8/20/2024 6:28:04 PM,agoebl,8/20/2024 6:28:04 PM,agoebl,2,1,-105.1007345,39.5431916666667
333,c1cfb224-1d81-4de5-8ab1-905e23a0f7b9,8/20/2024 6:28:05 PM,agoebl,8/20/2024 6:28:05 PM,agoebl,2,2,-105.100703,39.5431551666667
334,40021aa9-0261-4317-9da3-387c7cf362e6,8/20/2024 6:28:06 PM,agoebl,8/20/2024 6:28:06 PM,agoebl,2,3,-105.100728,39.543253
335,88020be9-384d-484d-aa37-4bbbab18349d,8/20/2024 6:28:06 PM,agoebl,8/20/2024 6:28:06 PM,agoebl,2,4,-105.100669,39.5431626666667
336,01c7c93d-b705-4ea8-8fc0-ada39775b587,8/20/2024 6:28:07 PM,agoebl,8/20/2024 6:28:07 PM,agoebl,3,1,-105.100671166667,39.543139
337,d058a3bd-8533-497a-bf08-0c53dee0b195,8/20/2024 6:28:08 PM,agoebl,8/20/2024 6:28:08 PM,agoebl,3,2,-105.100641666667,39.5431965
338,e9a067a9-41b7-4567-946a-b528a8e3e093,8/20/2024 6:28:08 PM,agoebl,8/20/2024 6:28:08 PM,agoebl,3,3,-105.100646833333,39.5431945
339,6b390e02-a717-4474-acdd-a5585d26b27f,8/20/2024 6:28:09 PM,agoebl,8/20/2024 6:28:09 PM,agoebl,3,4,-105.100647666667,39.5432013333333
340,ee6dc975-3705-4a30-a29e-039e764275c1,8/20/2024 6:28:10 PM,agoebl,8/20/2024 6:28:10 PM,agoebl,4,1,-105.100644166667,39.5431476666667
341,786cf01b-a5e1-4b43-82ed-5f7ec684afe1,8/20/2024 6:28:11 PM,agoebl,8/20/2024 6:28:11 PM,agoebl,4,2,-105.1006565,39.5431786666667
342,b01cc818-7f7c-4164-a9f1-2415eb3ad27b,8/20/2024 6:28:13 PM,agoebl,8/20/2024 6:28:13 PM,agoebl,4,3,-105.1006365,39.5432325
343,7657bd55-7a7c-4b54-9bb7-e13f0250a3d7,8/20/2024 6:28:13 PM,agoebl,8/20/2024 6:28:13 PM,agoebl,4,4,-105.1006045,39.5432243333333
344,242ba822-e693-4538-b541-0bd7e73a830e,8/20/2024 6:28:14 PM,agoebl,8/20/2024 6:28:14 PM,agoebl,5,1,-105.100591166667,39.5431875
345,30b520d2-db3b-4758-8154-7a12d6973fa6,8/20/2024 6:28:15 PM,agoebl,8/20/2024 6:28:15 PM,agoebl,5,2,-105.100603666667,39.543224
346,5f34f099-4f74-4ce8-bf9a-fac3e52c0c0c,8/20/2024 6:28:15 PM,agoebl,8/20/2024 6:28:15 PM,agoebl,5,3,-105.100549,39.5432051666667
347,70f64ec7-2698-4721-967a-031b77727bc2,8/20/2024 6:28:16 PM,agoebl,8/20/2024 6:28:16 PM,agoebl,5,4,-105.100557333333,39.5431846666667
348,f8855cca-8298-47fe-a093-5a3af0b4e0cd,8/20/2024 6:28:17 PM,agoebl,8/20/2024 6:28:17 PM,agoebl,6,1,-105.100586,39.5431515
349,bbb3a2d1-c6b1-4fd7-8d77-0944d72ec6ca,8/20/2024 6:28:40 PM,agoebl,8/20/2024 6:28:40 PM,agoebl,6,1,-105.100586,39.5431515
350,c35fdcf6-cfed-4885-9493-8474bffb1626,8/20/2024 6:28:41 PM,agoebl,8/20/2024 6:28:41 PM,agoebl,6,2,-105.100559666667,39.5431758333333
351,01c079ef-0322-4f1a-9f2d-090f8c759d72,8/20/2024 6:28:42 PM,agoebl,8/20/2024 6:28:42 PM,agoebl,6,3,-105.100564166667,39.5431591666667
352,2c471413-f814-4f2b-87cf-4c2cc5e054bb,8/20/2024 6:28:43 PM,agoebl,8/20/2024 6:28:43 PM,agoebl,6,4,-105.100547333333,39.543215
353,6f35bb33-4090-498d-bb0e-5be247e5f759,8/20/2024 6:30:04 PM,agoebl,8/20/2024 6:30:04 PM,agoebl,10,1,-105.100470607677,39.5432004479169
354,9b5fa3ec-3673-4566-83e4-1e3cdabc5396,8/20/2024 6:30:05 PM,agoebl,8/20/2024 6:30:05 PM,agoebl,10,2,-105.100397228061,39.5431866164245
355,f307d5c7-2ee4-4448-a114-87f30b787a34,8/20/2024 6:30:05 PM,agoebl,8/20/2024 6:30:05 PM,agoebl,10,3,-105.10037128628,39.5431724633862
356,78f5c640-abee-4cf2-a5ca-3e8479304c75,8/20/2024 6:30:06 PM,agoebl,8/20/2024 6:30:06 PM,agoebl,10,4,-105.100367735593,39.5432659712983
357,8de9aa8e-789f-4941-b03f-2bfb07b81e32,8/20/2024 6:30:07 PM,agoebl,8/20/2024 6:30:07 PM,agoebl,9,1,-105.100371764447,39.5432056526741
358,685696b2-f354-4a24-908e-7624b518dfae,8/20/2024 6:30:08 PM,agoebl,8/20/2024 6:30:08 PM,agoebl,9,2,-105.100443626097,39.5432479737957
359,361f99cc-6c12-497d-9a5a-3d836992f259,8/20/2024 6:30:09 PM,agoebl,8/20/2024 6:30:09 PM,agoebl,9,3,-105.100408205854,39.5432692542407
360,b19d0e51-55b6-46f1-8c23-be995b566cb0,8/20/2024 6:30:10 PM,agoebl,8/20/2024 6:30:10 PM,agoebl,9,4,-105.100364421542,39.5431889396402
361,b2ff638e-73e8-4ccc-b096-5073f390d7e2,8/20/2024 6:30:19 PM,agoebl,8/20/2024 6:30:19 PM,agoebl,8,1,-105.100387833333,39.5431636666667
362,a05003f6-fb12-4969-947d-e2812345eb5b,8/20/2024 6:30:19 PM,agoebl,8/20/2024 6:30:19 PM,agoebl,8,2,-105.100473333333,39.5432331666667
363,bbcb8961-f938-426e-8733-189b7b4448a0,8/20/2024 6:30:20 PM,agoebl,8/20/2024 6:30:20 PM,agoebl,8,3,-105.100465,39.5432348333333
364,15b33b6a-5e40-48c6-85fa-8cd9ec321bf8,8/20/2024 6:30:21 PM,agoebl,8/20/2024 6:30:21 PM,agoebl,8,4,-105.100434,39.5432306666667
365,6eeb8afe-c5c9-43da-8da9-72031a65f3f7,8/20/2024 6:30:21 PM,agoebl,8/20/2024 6:30:21 PM,agoebl,7,1,-105.100426166667,39.5432285
366,ba48d8ec-66e5-47c7-8cec-1a695207228e,8/20/2024 6:30:22 PM,agoebl,8/20/2024 6:30:22 PM,agoebl,7,2,-105.100525833333,39.54321
367,cc57dcfd-19ef-4c19-b5d5-5168bdae6728,8/20/2024 6:30:23 PM,agoebl,8/20/2024 6:30:23 PM,agoebl,7,3,-105.100521833333,39.5432261666667
368,4ddb2c84-6c4c-4eb0-a68f-567adac09282,8/20/2024 6:30:23 PM,agoebl,8/20/2024 6:30:23 PM,agoebl,7,4,-105.100492,39.543247
369,1b6f9ca4-ba14-49b1-9bbc-37293a90525b,8/27/2024 8:49:00 PM,agoebl,8/27/2024 8:49:00 PM,agoebl,1,1,-105.100767166667,39.543195
370,5c5cbd84-0d9f-47b4-87ce-5c48b6ce3b9e,8/27/2024 8:49:02 PM,agoebl,8/27/2024 8:49:02 PM,agoebl,1,2,-105.1007515,39.5431838333333
371,53b6f2f4-460e-4aeb-b97d-0dac56f421c9,8/27/2024 8:49:02 PM,agoebl,8/27/2024 8:49:02 PM,agoebl,1,3,-105.1007625,39.543215
372,ea3b4b96-c710-46fa-a1bd-bf9c50f74aaf,8/27/2024 8:49:03 PM,agoebl,8/27/2024 8:49:03 PM,agoebl,1,4,-105.100718666667,39.5432493333333
373,72ea5cf5-d56a-4dae-b44b-6d4c074dfcfb,8/27/2024 8:49:04 PM,agoebl,8/27/2024 8:49:04 PM,agoebl,2,1,-105.100716666667,39.5432028333333
374,9213f53b-30b7-4224-9f61-c9b309b41569,8/27/2024 8:49:05 PM,agoebl,8/27/2024 8:49:05 PM,agoebl,2,2,-105.1007275,39.543237
375,7977a383-e376-41c5-900d-5dcfaddb4a6c,8/27/2024 8:49:06 PM,agoebl,8/27/2024 8:49:06 PM,agoebl,2,3,-105.100701666667,39.5431935
376,83623497-7d9f-448f-937f-f5a0e38df722,8/27/2024 8:49:07 PM,agoebl,8/27/2024 8:49:07 PM,agoebl,2,4,-105.100696,39.543262
377,c629db1f-5a64-4570-9602-eadc6b3071ef,8/27/2024 8:49:07 PM,agoebl,8/27/2024 8:49:07 PM,agoebl,3,1,-105.100681166667,39.543205
378,eacc2eab-8ecb-4f42-93b4-89191e5a5d39,8/27/2024 8:49:09 PM,agoebl,8/27/2024 8:49:09 PM,agoebl,3,2,-105.1006735,39.5432308333333
379,479adac8-5e5e-4001-866e-05a21a76e027,8/27/2024 8:49:10 PM,agoebl,8/27/2024 8:49:10 PM,agoebl,3,3,-105.100653666667,39.543169
380,e3b4da3a-e2b6-4dce-8ca1-6e8abe83f4d4,8/27/2024 8:49:11 PM,agoebl,8/27/2024 8:49:11 PM,agoebl,3,4,-105.100648666667,39.5432436666667
381,e82a98f2-0e49-4939-b569-faaf4d0a8d08,8/27/2024 8:49:11 PM,agoebl,8/27/2024 8:49:11 PM,agoebl,4,1,-105.1006415,39.5431715
382,15ea521d-1f46-40a4-97ad-b1ab7e6e975d,8/27/2024 8:49:12 PM,agoebl,8/27/2024 8:49:12 PM,agoebl,4,2,-105.100651333333,39.5432363333333
383,1ed20b0a-0e4b-48f9-a319-62dd8f9a6952,8/27/2024 8:49:13 PM,agoebl,8/27/2024 8:49:13 PM,agoebl,4,3,-105.100625833333,39.5431668333333
384,34e4d792-5b83-403e-9ab9-2f87b82b0f55,8/27/2024 8:49:14 PM,agoebl,8/27/2024 8:49:14 PM,agoebl,4,4,-105.100621666667,39.543245
385,cd6263dd-8695-4883-aeb6-12b33a0cf31c,8/27/2024 8:49:15 PM,agoebl,8/27/2024 8:49:15 PM,agoebl,5,1,-105.100608333333,39.5431618333333
386,59e157ab-ccb9-43e5-b2eb-f4ad3ae078cd,8/27/2024 8:49:16 PM,agoebl,8/27/2024 8:49:16 PM,agoebl,5,2,-105.100601833333,39.5431615
387,4eb82c3b-d8f1-442c-b142-be8177d84987,8/27/2024 8:49:16 PM,agoebl,8/27/2024 8:49:16 PM,agoebl,5,3,-105.100564,39.5431696666667
388,c5af06e4-c4f4-478f-9ce7-1a2b6c3dde4f,8/27/2024 8:49:17 PM,agoebl,8/27/2024 8:49:17 PM,agoebl,5,4,-105.100547333333,39.5431533333333
389,789ae60d-05e0-457d-b83a-3798b48a85e1,8/27/2024 8:49:35 PM,agoebl,8/27/2024 8:49:35 PM,agoebl,10,1,-105.100395,39.5432146666667
390,e5440b0f-d3de-4128-bc03-2b6e08812229,8/27/2024 8:49:36 PM,agoebl,8/27/2024 8:49:36 PM,agoebl,10,2,-105.100377833333,39.5432558333333
391,1193361a-b003-4c3c-9d80-1986a401e8ef,8/27/2024 8:49:37 PM,agoebl,8/27/2024 8:49:37 PM,agoebl,10,3,-105.100379,39.5432411666667
392,8b4deddf-2816-4ca2-9408-37edc4c0531d,8/27/2024 8:49:37 PM,agoebl,8/27/2024 8:49:37 PM,agoebl,10,4,-105.1003605,39.5432588333333
393,f1a10412-2a4f-4645-b68f-953b4e44af38,8/27/2024 8:49:38 PM,agoebl,8/27/2024 8:49:38 PM,agoebl,9,1,-105.100389666667,39.5431911666667
394,f8340472-42a6-42d2-beee-e7e66436c98c,8/27/2024 8:49:39 PM,agoebl,8/27/2024 8:49:39 PM,agoebl,9,2,-105.100436,39.5432506666667
395,524ee7df-bc17-4e1a-bbd7-8f2750d20843,8/27/2024 8:49:40 PM,agoebl,8/27/2024 8:49:40 PM,agoebl,9,3,-105.100442,39.5432651666667
396,bdb06023-d164-4be9-a013-e0cebf64733d,8/27/2024 8:49:41 PM,agoebl,8/27/2024 8:49:41 PM,agoebl,9,4,-105.100399333333,39.5432566666667
397,cb72bb4b-c1df-49e6-ad28-0d0e8e8bffc8,8/27/2024 8:49:42 PM,agoebl,8/27/2024 8:49:42 PM,agoebl,8,1,-105.100482166667,39.543175
398,69a1d981-fb56-45ac-b891-07b423e0595a,8/27/2024 8:49:43 PM,agoebl,8/27/2024 8:49:43 PM,agoebl,8,2,-105.100476833333,39.5431863333333
399,42410998-08ab-433b-8adc-03c42ff2c902,8/27/2024 8:49:43 PM,agoebl,8/27/2024 8:49:43 PM,agoebl,8,3,-105.100470833333,39.5431876666667
400,ddbea2a0-5e15-4c2f-a347-7c4698b2fb30,8/27/2024 8:49:44 PM,agoebl,8/27/2024 8:49:44 PM,agoebl,8,4,-105.100454,39.5431965
401,f1bfc317-8080-4f21-bb1e-e11384310023,8/27/2024 8:49:45 PM,agoebl,8/27/2024 8:49:45 PM,agoebl,7,1,-105.100521166667,39.5431808333333
402,b13641a2-bbfc-4678-908b-9d98ed8791fc,8/27/2024 8:50:10 PM,agoebl,8/27/2024 8:50:10 PM,agoebl,7,1,-105.100521166667,39.5431808333333
403,93e37ced-d456-4cd5-b44a-718377d6887b,8/27/2024 8:50:12 PM,agoebl,8/27/2024 8:50:12 PM,agoebl,7,2,-105.100494,39.5431631666667
404,45c3bc39-c1df-4c42-ad77-a9853c96a675,8/27/2024 8:50:12 PM,agoebl,8/27/2024 8:50:12 PM,agoebl,7,3,-105.100507833333,39.543145
405,fa86a77f-1fa5-4ce7-8162-63bcf452c5f7,8/27/2024 8:50:13 PM,agoebl,8/27/2024 8:50:13 PM,agoebl,7,4,-105.10049,39.5431658333333
406,32736cab-cee3-4a67-a70a-e78ebc2622b4,8/27/2024 8:50:14 PM,agoebl,8/27/2024 8:50:14 PM,agoebl,6,1,-105.100560833333,39.5431553333333
407,991f468b-2cb0-4d1b-8a5f-a2f2ae2e4c65,8/27/2024 8:50:14 PM,agoebl,8/27/2024 8:50:14 PM,agoebl,6,2,-105.100542666667,39.543164
408,52ee1c61-8689-4a99-b533-bf5a755abb63,8/27/2024 8:50:15 PM,agoebl,8/27/2024 8:50:15 PM,agoebl,6,3,-105.1005565,39.5431653333333
409,ca9410b5-6f2b-4704-b311-a23ed21796a1,8/27/2024 8:50:16 PM,agoebl,8/27/2024 8:50:16 PM,agoebl,6,4,-105.100527,39.5431735
410,2cf4c03d-451e-4f1e-a341-1500f3c20294,9/3/2024 6:09:54 PM,agoebl,9/3/2024 6:09:54 PM,agoebl,10,1,-105.100495666667,39.5431803333333
411,72781235-24e9-4ea8-b7ab-0303dc73688d,9/3/2024 6:09:56 PM,agoebl,9/3/2024 6:09:56 PM,agoebl,10,2,-105.1003975,39.5431941666667
412,fe68938a-60d0-491e-9b38-a6840d008f66,9/3/2024 6:09:57 PM,agoebl,9/3/2024 6:09:57 PM,agoebl,10,3,-105.100376166667,39.543263
413,825cf7d7-3bb5-4695-bdbc-21becd67239c,9/3/2024 6:09:58 PM,agoebl,9/3/2024 6:09:58 PM,agoebl,10,4,-105.100390166667,39.543291
414,3ffa693a-bafa-4a8e-9ba8-16e1814dc942,9/3/2024 6:09:59 PM,agoebl,9/3/2024 6:09:59 PM,agoebl,9,1,-105.100429333333,39.5431835
415,cd706e2f-6750-47a2-8c39-b2567647529b,9/3/2024 6:10:00 PM,agoebl,9/3/2024 6:10:00 PM,agoebl,9,2,-105.100455,39.5432601666667
416,6117446c-06c5-4158-94f5-47161e20ae96,9/3/2024 6:10:01 PM,agoebl,9/3/2024 6:10:01 PM,agoebl,9,3,-105.100418833333,39.5432133333333
417,963f6acb-5211-4550-8b0d-4cf580e84f36,9/3/2024 6:10:02 PM,agoebl,9/3/2024 6:10:02 PM,agoebl,9,4,-105.100410833333,39.5431998333333
418,9697fe5a-7ce3-4e19-8f74-98c13a3b843b,9/3/2024 6:10:03 PM,agoebl,9/3/2024 6:10:03 PM,agoebl,8,1,-105.100483166667,39.5431896666667
419,05c0cc2a-ff31-4d1a-8b9d-94dbbdbbb38b,9/3/2024 6:10:06 PM,agoebl,9/3/2024 6:10:06 PM,agoebl,8,2,-105.100482166667,39.5432768333333
420,70260b1c-ee68-46b9-b707-94db4083d5e0,9/3/2024 6:10:07 PM,agoebl,9/3/2024 6:10:07 PM,agoebl,8,3,-105.100459833333,39.5432413333333
421,bd9df68a-f0ab-4f7c-8996-649e4a0f1361,9/3/2024 6:10:11 PM,agoebl,9/3/2024 6:10:11 PM,agoebl,8,4,-105.100452666667,39.5432558333333
422,3b48dd65-d624-4b11-b123-a239fd169e23,9/3/2024 6:10:12 PM,agoebl,9/3/2024 6:10:12 PM,agoebl,7,3,-105.1004925,39.5431753333333
423,027cff14-0501-468d-b2b8-7a17f5fb899e,9/3/2024 6:10:13 PM,agoebl,9/3/2024 6:10:13 PM,agoebl,7,4,-105.100496833333,39.5432561666667
424,7c3629cc-cc3b-4767-8dd0-3e9063e8d9be,9/3/2024 6:24:46 PM,agoebl,9/3/2024 6:24:46 PM,agoebl,1,1,-105.100759333333,39.5431791666667
425,243d5a97-7937-45b9-9379-ec047fc41e8c,9/3/2024 6:24:47 PM,agoebl,9/3/2024 6:24:47 PM,agoebl,1,2,-105.100746666667,39.54318
426,acc66e9d-2133-4216-97ee-d30bf0faa61f,9/3/2024 6:24:48 PM,agoebl,9/3/2024 6:24:48 PM,agoebl,1,3,-105.100747166667,39.5431725
427,46d86ffe-b6a8-41a1-91f1-2688805dc362,9/3/2024 6:24:49 PM,agoebl,9/3/2024 6:24:49 PM,agoebl,1,4,-105.100721833333,39.5431801666667
428,16d3dfd3-2d3a-4177-8d7d-df9e12cd1e4c,9/3/2024 6:24:50 PM,agoebl,9/3/2024 6:24:50 PM,agoebl,2,1,-105.100726833333,39.543195
429,3c3b2703-1360-424b-81ae-14add496e259,9/3/2024 6:24:51 PM,agoebl,9/3/2024 6:24:51 PM,agoebl,2,2,-105.1006915,39.5431736666667
430,f6cef163-6475-490e-b46a-80766d57a4f6,9/3/2024 6:24:52 PM,agoebl,9/3/2024 6:24:52 PM,agoebl,2,3,-105.100719833333,39.5431658333333
431,a0c01e32-c6e4-4dfd-b70b-3f9437ef1e84,9/3/2024 6:24:54 PM,agoebl,9/3/2024 6:24:54 PM,agoebl,2,4,-105.100683833333,39.5431826666667
432,2c41c7c6-86fe-4b1e-86b9-58cd9811812a,9/3/2024 6:24:55 PM,agoebl,9/3/2024 6:24:55 PM,agoebl,3,1,-105.100699666667,39.543202
433,b4f87129-b012-4049-bc94-df658ef438ea,9/3/2024 6:24:56 PM,agoebl,9/3/2024 6:24:56 PM,agoebl,3,2,-105.100669166667,39.5431793333333
434,f01d2c8c-8c71-4955-89fe-bf97b646cd5a,9/3/2024 6:25:00 PM,agoebl,9/3/2024 6:25:00 PM,agoebl,3,3,-105.1006765,39.5431858333333
435,3f11e221-4fbd-4422-ba4d-ded86cee5030,9/3/2024 6:25:03 PM,agoebl,9/3/2024 6:25:03 PM,agoebl,3,4,-105.100644833333,39.5431916666667
436,0567cf56-cdbc-4913-9169-7e2f77d76d8e,9/3/2024 6:25:04 PM,agoebl,9/3/2024 6:25:04 PM,agoebl,4,1,-105.100668333333,39.5432015
437,ed5d60f0-8597-4809-bf75-a1532ef2dd8a,9/3/2024 6:25:04 PM,agoebl,9/3/2024 6:25:04 PM,agoebl,4,2,-105.100635166667,39.5432741666667
438,5acb2d34-0828-484b-8774-e9a079b20b39,9/3/2024 6:25:06 PM,agoebl,9/3/2024 6:25:06 PM,agoebl,4,3,-105.100634833333,39.5431885
439,8dc4633c-3604-4b0a-a034-694817e5d9b1,9/3/2024 6:25:09 PM,agoebl,9/3/2024 6:25:09 PM,agoebl,4,4,-105.100602666667,39.543181
440,e6dbd64b-5143-4b27-8d5e-3ff03a58f442,9/3/2024 6:25:10 PM,agoebl,9/3/2024 6:25:10 PM,agoebl,5,1,-105.100610166667,39.5431836666667
441,452fccb5-7653-43a7-8f2b-8e88803608b1,9/3/2024 6:25:11 PM,agoebl,9/3/2024 6:25:11 PM,agoebl,5,2,-105.100584,39.5431795
442,7858b48a-bd42-404e-aec4-476b3dab23df,9/3/2024 6:25:11 PM,agoebl,9/3/2024 6:25:11 PM,agoebl,5,3,-105.100578333333,39.5431775
443,5ba37be1-c4ad-4eaf-920a-f3efc450515f,9/3/2024 6:25:12 PM,agoebl,9/3/2024 6:25:12 PM,agoebl,5,4,-105.100566333333,39.5431905
444,9a28d96e-06d6-4894-b694-0a89024b3d8d,9/3/2024 6:25:13 PM,agoebl,9/3/2024 6:25:13 PM,agoebl,6,1,-105.100548666667,39.5431878333333
445,cfa659be-4e5e-49c3-84c8-97b41ca26669,9/3/2024 6:25:14 PM,agoebl,9/3/2024 6:25:14 PM,agoebl,6,2,-105.100533333333,39.5431956666667
446,70b1a181-6a36-4e04-9577-d839221d0211,9/3/2024 6:25:16 PM,agoebl,9/3/2024 6:25:16 PM,agoebl,6,3,-105.100545,39.5431825
447,be84e53b-3822-41f6-acdd-f05e63f0b7dc,9/3/2024 6:25:17 PM,agoebl,9/3/2024 6:25:17 PM,agoebl,6,4,-105.100518833333,39.5431956666667
448,c23179c5-27e3-476a-981f-65aa165a7bd1,9/3/2024 6:25:17 PM,agoebl,9/3/2024 6:25:17 PM,agoebl,7,1,-105.100523833333,39.5431703333333
449,61d7c714-7967-4a43-b6a4-0b9fecfb13f4,9/3/2024 6:25:18 PM,agoebl,9/3/2024 6:25:18 PM,agoebl,7,2,-105.100526333333,39.5432451666667
